ID,Label,Code
1,ST_length,"ST_Length(x)"
2,DN_burstiness,"DN_Burstiness(x)"
3,DN_max,"DN_MinMax(x_z,'max')"
4,DN_min,"DN_MinMax(x_z,'min')"
5,DN_mean,"DN_Mean(x,'norm')"
6,DN_hmean,"DN_Mean(x,'harm')"
7,DN_rms,"DN_Mean(x,'rms')"
8,DN_median,"DN_Mean(x,'median')"
9,DN_midhinge,"DN_Mean(x,'midhinge')"
10,DN_HistogramMode_5,"DN_HistogramMode(x_z,5,true,false)"
11,DN_HistogramMode_10,"DN_HistogramMode(x_z,10,true,false)"
12,DN_HistogramMode_21,"DN_HistogramMode(x_z,21,true,false)"
13,DN_HistogramMode_abs_5,"DN_HistogramMode(abs(x_z),5,true,false)"
14,DN_HistogramMode_abs_10,"DN_HistogramMode(abs(x_z),10,true,false)"
15,DN_HistogramMode_abs_21,"DN_HistogramMode(abs(x_z),21,true,false)"
16,DN_HistogramAsymmetry_11,"DN_HistogramAsymmetry(x_z,11,false)"
17,DN_TrimmedMean_1,"DN_TrimmedMean(x,1)"
18,DN_TrimmedMean_5,"DN_TrimmedMean(x,5)"
19,DN_TrimmedMean_10,"DN_TrimmedMean(x,10)"
20,DN_TrimmedMean_25,"DN_TrimmedMean(x,25)"
21,DN_TrimmedMean_50,"DN_TrimmedMean(x,50)"
22,DN_Spread_std,"DN_Spread(x,'std')"
23,DN_Spread_mad,"DN_Spread(x,'mad')"
24,DN_Spread_iqr,"DN_Spread(x,'iqr')"
25,DN_Spread_mead,"DN_Spread(x,'mead')"
26,DN_Moments_3,"DN_Moments(x_z,3)"
27,DN_Moments_4,"DN_Moments(x_z,4)"
28,DN_Moments_5,"DN_Moments(x_z,5)"
29,DN_Moments_6,"DN_Moments(x_z,6)"
30,DN_Moments_7,"DN_Moments(x_z,7)"
31,DN_Moments_8,"DN_Moments(x_z,8)"
32,DN_Moments_9,"DN_Moments(x_z,9)"
33,DN_Moments_10,"DN_Moments(x_z,10)"
34,DN_Moments_11,"DN_Moments(x_z,11)"
35,DN_Moments_raw_3,"DN_Moments(x,3)"
36,DN_Moments_raw_4,"DN_Moments(x,4)"
37,DN_Moments_raw_5,"DN_Moments(x,5)"
38,DN_Moments_raw_6,"DN_Moments(x,6)"
39,DN_Moments_raw_7,"DN_Moments(x,7)"
40,DN_Moments_raw_8,"DN_Moments(x,8)"
41,DN_Moments_raw_9,"DN_Moments(x,9)"
42,DN_Moments_raw_10,"DN_Moments(x,10)"
43,DN_Moments_raw_11,"DN_Moments(x,11)"
44,DN_CustomSkewness_pearson,"DN_CustomSkewness(x,'pearson')"
45,DN_CustomSkewness_bowley,"DN_CustomSkewness(x_z,'bowley')"
46,DN_Withinp_05,"DN_Withinp(x_z,0.5,'mean')"
47,DN_Withinp_10,"DN_Withinp(x_z,1,'mean')"
48,DN_Withinp_15,"DN_Withinp(x_z,1.5,'mean')"
49,DN_Withinp_20,"DN_Withinp(x_z,2,'mean')"
50,DN_Withinp_25,"DN_Withinp(x_z,2.5,'mean')"
51,DN_Withinp_30,"DN_Withinp(x_z,3,'mean')"
52,DN_Withinp_median_05,"DN_Withinp(x_z,0.5,'median')"
53,DN_Withinp_median_10,"DN_Withinp(x_z,1,'median')"
54,DN_Withinp_median_15,"DN_Withinp(x_z,1.5,'median')"
55,DN_Withinp_median_20,"DN_Withinp(x_z,2,'median')"
56,DN_Withinp_median_25,"DN_Withinp(x_z,2.5,'median')"
57,DN_Withinp_median_30,"DN_Withinp(x_z,3,'median')"
58,DN_pleft_005,"DN_pleft(x_z,0.05)"
59,DN_pleft_01,"DN_pleft(x_z,0.1)"
60,DN_pleft_02,"DN_pleft(x_z,0.2)"
61,DN_pleft_03,"DN_pleft(x_z,0.3)"
62,DN_pleft_04,"DN_pleft(x_z,0.4)"
63,DN_pleft_05,"DN_pleft(x_z,0.5)"
64,DN_Quantile_1,"DN_Quantile(x_z,0.01)"
65,DN_Quantile_2,"DN_Quantile(x_z,0.02)"
66,DN_Quantile_3,"DN_Quantile(x_z,0.03)"
67,DN_Quantile_4,"DN_Quantile(x_z,0.04)"
68,DN_Quantile_5,"DN_Quantile(x_z,0.05)"
69,DN_Quantile_10,"DN_Quantile(x_z,0.10)"
70,DN_Quantile_20,"DN_Quantile(x_z,0.20)"
71,DN_Quantile_30,"DN_Quantile(x_z,0.30)"
72,DN_Quantile_40,"DN_Quantile(x_z,0.40)"
73,DN_Quantile_50,"DN_Quantile(x_z,0.50)"
74,DN_Quantile_60,"DN_Quantile(x_z,0.60)"
75,DN_Quantile_70,"DN_Quantile(x_z,0.70)"
76,DN_Quantile_80,"DN_Quantile(x_z,0.80)"
77,DN_Quantile_90,"DN_Quantile(x_z,0.90)"
78,DN_Quantile_91,"DN_Quantile(x_z,0.91)"
79,DN_Quantile_92,"DN_Quantile(x_z,0.92)"
80,DN_Quantile_93,"DN_Quantile(x_z,0.93)"
81,DN_Quantile_94,"DN_Quantile(x_z,0.94)"
82,DN_Quantile_95,"DN_Quantile(x_z,0.95)"
83,DN_Quantile_96,"DN_Quantile(x_z,0.96)"
84,DN_Quantile_97,"DN_Quantile(x_z,0.97)"
85,DN_Quantile_98,"DN_Quantile(x_z,0.98)"
86,DN_Quantile_99,"DN_Quantile(x_z,0.99)"
87,DN_cv_1,"DN_cv(x,1)"
88,DN_cv_2,"DN_cv(x,2)"
89,DN_HighLowMu,"DN_HighLowMu(x)"
90,DN_Unique,"DN_Unique(x)"
91,ST_SimpleStats_zcross,"ST_SimpleStats(x_z,'zcross')"
92,ST_SimpleStats_pmcross,"ST_SimpleStats(x_z,'pmcross')"
93,DN_ProportionValues_zeros,"DN_ProportionValues(x,'zeros')"
94,DN_ProportionValues_geq0,"DN_ProportionValues(x,'geq0')"
95,DN_ProportionValues_positive,"DN_ProportionValues(x,'positive')"
96,AC_1,"CO_AutoCorr(x_z,1,'Fourier')"
97,AC_2,"CO_AutoCorr(x_z,2,'Fourier')"
98,AC_3,"CO_AutoCorr(x_z,3,'Fourier')"
99,AC_4,"CO_AutoCorr(x_z,4,'Fourier')"
100,AC_5,"CO_AutoCorr(x_z,5,'Fourier')"
101,AC_6,"CO_AutoCorr(x_z,6,'Fourier')"
102,AC_7,"CO_AutoCorr(x_z,7,'Fourier')"
103,AC_8,"CO_AutoCorr(x_z,8,'Fourier')"
104,AC_9,"CO_AutoCorr(x_z,9,'Fourier')"
105,AC_10,"CO_AutoCorr(x_z,10,'Fourier')"
106,AC_11,"CO_AutoCorr(x_z,11,'Fourier')"
107,AC_12,"CO_AutoCorr(x_z,12,'Fourier')"
108,AC_13,"CO_AutoCorr(x_z,13,'Fourier')"
109,AC_14,"CO_AutoCorr(x_z,14,'Fourier')"
110,AC_15,"CO_AutoCorr(x_z,15,'Fourier')"
111,AC_16,"CO_AutoCorr(x_z,16,'Fourier')"
112,AC_17,"CO_AutoCorr(x_z,17,'Fourier')"
113,AC_18,"CO_AutoCorr(x_z,18,'Fourier')"
114,AC_19,"CO_AutoCorr(x_z,19,'Fourier')"
115,AC_20,"CO_AutoCorr(x_z,20,'Fourier')"
116,AC_21,"CO_AutoCorr(x_z,21,'Fourier')"
117,AC_22,"CO_AutoCorr(x_z,22,'Fourier')"
118,AC_23,"CO_AutoCorr(x_z,23,'Fourier')"
119,AC_24,"CO_AutoCorr(x_z,24,'Fourier')"
120,AC_25,"CO_AutoCorr(x_z,25,'Fourier')"
121,AC_26,"CO_AutoCorr(x_z,26,'Fourier')"
122,AC_27,"CO_AutoCorr(x_z,27,'Fourier')"
123,AC_28,"CO_AutoCorr(x_z,28,'Fourier')"
124,AC_29,"CO_AutoCorr(x_z,29,'Fourier')"
125,AC_30,"CO_AutoCorr(x_z,30,'Fourier')"
126,AC_31,"CO_AutoCorr(x_z,31,'Fourier')"
127,AC_32,"CO_AutoCorr(x_z,32,'Fourier')"
128,AC_33,"CO_AutoCorr(x_z,33,'Fourier')"
129,AC_34,"CO_AutoCorr(x_z,34,'Fourier')"
130,AC_35,"CO_AutoCorr(x_z,35,'Fourier')"
131,AC_36,"CO_AutoCorr(x_z,36,'Fourier')"
132,AC_37,"CO_AutoCorr(x_z,37,'Fourier')"
133,AC_38,"CO_AutoCorr(x_z,38,'Fourier')"
134,AC_39,"CO_AutoCorr(x_z,39,'Fourier')"
135,AC_40,"CO_AutoCorr(x_z,40,'Fourier')"
136,CO_PartialAutoCorr_20_ols,"CO_PartialAutoCorr(x_z,20,'ols')"
137,CO_FirstCrossing_acf_0,"CO_FirstCrossing(x_z,'ac',0,'both')"
138,CO_FirstCrossing_acf_1e,"CO_FirstCrossing(x_z,'ac',1/exp(1),'both')"
139,CO_FirstMin_ac,"CO_FirstMin(x_z,'ac')"
140,CO_FirstMin_mi-gaussian,"CO_FirstMin(x_z,'mi-gaussian')"
141,CO_FirstMin_mi-kraskov1_4,"CO_FirstMin(x_z,'mi-kraskov1','4')"
142,CO_FirstMin_mi-kraskov2_4,"CO_FirstMin(x_z,'mi-kraskov2','4')"
143,CO_FirstMin_mi-hist_5,"CO_FirstMin(x_z,'mi-hist',5)"
144,CO_FirstMin_mi-hist_10,"CO_FirstMin(x_z,'mi-hist',10)"
145,CO_FirstMax_ac,"CO_FirstMin(x_z,'ac',[],false)"
146,CO_FirstMax_mi-gaussian,"CO_FirstMin(x_z,'mi-gaussian',[],false)"
147,CO_FirstMax_mi-kraskov1_4,"CO_FirstMin(x_z,'mi-kraskov1','4',false)"
148,CO_FirstMax_mi-kraskov2_4,"CO_FirstMin(x_z,'mi-kraskov2','4',false)"
149,CO_FirstMax_mi-hist_5,"CO_FirstMin(x_z,'mi-hist',5,false)"
150,CO_FirstMax_mi-hist_10,"CO_FirstMin(x_z,'mi-hist',10,false)"
151,AC_nl_12,"CO_NonlinearAutocorr(x_z,[1,2])"
152,AC_nl_123,"CO_NonlinearAutocorr(x_z,[1,2,3])"
153,AC_nl_1234,"CO_NonlinearAutocorr(x_z,[1,2,3,4])"
154,AC_nl_12345,"CO_NonlinearAutocorr(x_z,[1,2,3,4,5])"
155,AC_nl_123456,"CO_NonlinearAutocorr(x_z,[1,2,3,4,5,6])"
156,AC_nl_1234567,"CO_NonlinearAutocorr(x_z,[1,2,3,4,5,6,7])"
157,AC_nl_12345678,"CO_NonlinearAutocorr(x_z,[1,2,3,4,5,6,7,8])"
158,AC_nl_13,"CO_NonlinearAutocorr(x_z,[1,3])"
159,AC_nl_24,"CO_NonlinearAutocorr(x_z,[2,4])"
160,AC_nl_135,"CO_NonlinearAutocorr(x_z,[1,3,5])"
161,AC_nl_246,"CO_NonlinearAutocorr(x_z,[2,4,6])"
162,AC_nl_1357,"CO_NonlinearAutocorr(x_z,[1,3,5,7])"
163,AC_nl_2468,"CO_NonlinearAutocorr(x_z,[2,4,6,8])"
164,AC_nl_124,"CO_NonlinearAutocorr(x_z,[1,2,4])"
165,AC_nl_134,"CO_NonlinearAutocorr(x_z,[1,3,4])"
166,AC_nl_14,"CO_NonlinearAutocorr(x_z,[1,4])"
167,AC_nl_11,"CO_NonlinearAutocorr(x_z,[1,1])"
168,AC_nl_22,"CO_NonlinearAutocorr(x_z,[2,2])"
169,AC_nl_33,"CO_NonlinearAutocorr(x_z,[3,3])"
170,AC_nl_44,"CO_NonlinearAutocorr(x_z,[4,4])"
171,AC_nl_55,"CO_NonlinearAutocorr(x_z,[5,5])"
172,AC_nl_66,"CO_NonlinearAutocorr(x_z,[6,6])"
173,AC_nl_011,"CO_NonlinearAutocorr(x_z,[0,1,1])"
174,AC_nl_022,"CO_NonlinearAutocorr(x_z,[0,2,2])"
175,AC_nl_033,"CO_NonlinearAutocorr(x_z,[0,3,3])"
176,AC_nl_044,"CO_NonlinearAutocorr(x_z,[0,4,4])"
177,AC_nl_055,"CO_NonlinearAutocorr(x_z,[0,5,5])"
178,AC_nl_066,"CO_NonlinearAutocorr(x_z,[0,6,6])"
179,AC_nl_001,"CO_NonlinearAutocorr(x_z,[0,0,1])"
180,AC_nl_002,"CO_NonlinearAutocorr(x_z,[0,0,2])"
181,AC_nl_003,"CO_NonlinearAutocorr(x_z,[0,0,3])"
182,AC_nl_004,"CO_NonlinearAutocorr(x_z,[0,0,4])"
183,AC_nl_005,"CO_NonlinearAutocorr(x_z,[0,0,5])"
184,AC_nl_006,"CO_NonlinearAutocorr(x_z,[0,0,6])"
185,AC_nl_012,"CO_NonlinearAutocorr(x_z,[0,1,2])"
186,AC_nl_013,"CO_NonlinearAutocorr(x_z,[0,1,3])"
187,AC_nl_023,"CO_NonlinearAutocorr(x_z,[0,2,3])"
188,AC_nl_014,"CO_NonlinearAutocorr(x_z,[0,1,4])"
189,AC_nl_024,"CO_NonlinearAutocorr(x_z,[0,2,4])"
190,AC_nl_034,"CO_NonlinearAutocorr(x_z,[0,3,4])"
191,AC_nl_015,"CO_NonlinearAutocorr(x_z,[0,1,5])"
192,AC_nl_025,"CO_NonlinearAutocorr(x_z,[0,2,5])"
193,AC_nl_035,"CO_NonlinearAutocorr(x_z,[0,3,5])"
194,AC_nl_045,"CO_NonlinearAutocorr(x_z,[0,4,5])"
195,AC_nl_016,"CO_NonlinearAutocorr(x_z,[0,1,6])"
196,AC_nl_026,"CO_NonlinearAutocorr(x_z,[0,2,6])"
197,AC_nl_036,"CO_NonlinearAutocorr(x_z,[0,3,6])"
198,AC_nl_046,"CO_NonlinearAutocorr(x_z,[0,4,6])"
199,AC_nl_056,"CO_NonlinearAutocorr(x_z,[0,5,6])"
200,AC_nl_112,"CO_NonlinearAutocorr(x_z,[1,1,2])"
201,AC_nl_113,"CO_NonlinearAutocorr(x_z,[1,1,3])"
202,AC_nl_122,"CO_NonlinearAutocorr(x_z,[1,2,2])"
203,AC_nl_133,"CO_NonlinearAutocorr(x_z,[1,3,3])"
204,AC_nl_223,"CO_NonlinearAutocorr(x_z,[2,2,3])"
205,AC_nl_233,"CO_NonlinearAutocorr(x_z,[2,3,3])"
206,CO_RM_AMInformation_0,"CO_RM_AMInformation(x_z,0)"
207,CO_RM_AMInformation_1,"CO_RM_AMInformation(x_z,1)"
208,CO_RM_AMInformation_2,"CO_RM_AMInformation(x_z,2)"
209,CO_RM_AMInformation_3,"CO_RM_AMInformation(x_z,3)"
210,CO_RM_AMInformation_4,"CO_RM_AMInformation(x_z,4)"
211,CO_RM_AMInformation_5,"CO_RM_AMInformation(x_z,5)"
212,CO_RM_AMInformation_6,"CO_RM_AMInformation(x_z,6)"
213,CO_RM_AMInformation_7,"CO_RM_AMInformation(x_z,7)"
214,CO_RM_AMInformation_8,"CO_RM_AMInformation(x_z,8)"
215,CO_RM_AMInformation_9,"CO_RM_AMInformation(x_z,9)"
216,CO_RM_AMInformation_10,"CO_RM_AMInformation(x_z,10)"
217,CO_HistogramAMI_std1_2bin,"CO_HistogramAMI(x_z,1:5,'std1',2)"
218,CO_HistogramAMI_std1_5bin,"CO_HistogramAMI(x_z,1:5,'std1',5)"
219,CO_HistogramAMI_std1_10bin,"CO_HistogramAMI(x_z,1:5,'std1',10)"
220,CO_HistogramAMI_std2_2bin,"CO_HistogramAMI(x_z,1:5,'std2',2)"
221,CO_HistogramAMI_std2_5bin,"CO_HistogramAMI(x_z,1:5,'std2',5)"
222,CO_HistogramAMI_std2_10bin,"CO_HistogramAMI(x_z,1:5,'std2',10)"
223,CO_HistogramAMI_even_2bin,"CO_HistogramAMI(x_z,1:5,'even',2)"
224,CO_HistogramAMI_even_5bin,"CO_HistogramAMI(x_z,1:5,'even',5)"
225,CO_HistogramAMI_even_10bin,"CO_HistogramAMI(x_z,1:5,'even',10)"
226,CO_HistogramAMI_quantiles_2bin,"CO_HistogramAMI(x_z,1:5,'quantiles',2)"
227,CO_HistogramAMI_quantiles_5bin,"CO_HistogramAMI(x_z,1:5,'quantiles',5)"
228,CO_HistogramAMI_quantiles_10bin,"CO_HistogramAMI(x_z,1:5,'quantiles',10)"
229,CO_glscf_1_1_1,"CO_glscf(x_z,1,1,1)"
230,CO_glscf_1_1_2,"CO_glscf(x_z,1,1,2)"
231,CO_glscf_1_1_3,"CO_glscf(x_z,1,1,3)"
232,CO_glscf_1_1_4,"CO_glscf(x_z,1,1,4)"
233,CO_glscf_1_1_5,"CO_glscf(x_z,1,1,5)"
234,CO_glscf_1_1_tau,"CO_glscf(x_z,1,1,'tau')"
235,CO_glscf_1_2_1,"CO_glscf(x_z,1,2,1)"
236,CO_glscf_1_2_2,"CO_glscf(x_z,1,2,2)"
237,CO_glscf_1_2_3,"CO_glscf(x_z,1,2,3)"
238,CO_glscf_1_2_4,"CO_glscf(x_z,1,2,4)"
239,CO_glscf_1_2_5,"CO_glscf(x_z,1,2,5)"
240,CO_glscf_1_2_tau,"CO_glscf(x_z,1,2,'tau')"
241,CO_glscf_1_5_1,"CO_glscf(x_z,1,5,1)"
242,CO_glscf_1_5_2,"CO_glscf(x_z,1,5,2)"
243,CO_glscf_1_5_3,"CO_glscf(x_z,1,5,3)"
244,CO_glscf_1_5_4,"CO_glscf(x_z,1,5,4)"
245,CO_glscf_1_5_5,"CO_glscf(x_z,1,5,5)"
246,CO_glscf_1_5_tau,"CO_glscf(x_z,1,5,'tau')"
247,CO_glscf_1_10_1,"CO_glscf(x_z,1,10,1)"
248,CO_glscf_1_10_2,"CO_glscf(x_z,1,10,2)"
249,CO_glscf_1_10_3,"CO_glscf(x_z,1,10,3)"
250,CO_glscf_1_10_4,"CO_glscf(x_z,1,10,4)"
251,CO_glscf_1_10_5,"CO_glscf(x_z,1,10,5)"
252,CO_glscf_1_10_tau,"CO_glscf(x_z,1,10,'tau')"
253,CO_glscf_2_2_1,"CO_glscf(x_z,2,2,1)"
254,CO_glscf_2_2_2,"CO_glscf(x_z,2,2,2)"
255,CO_glscf_2_2_3,"CO_glscf(x_z,2,2,3)"
256,CO_glscf_2_2_4,"CO_glscf(x_z,2,2,4)"
257,CO_glscf_2_2_5,"CO_glscf(x_z,2,2,5)"
258,CO_glscf_2_2_tau,"CO_glscf(x_z,2,2,'tau')"
259,CO_glscf_2_5_1,"CO_glscf(x_z,2,5,1)"
260,CO_glscf_2_5_2,"CO_glscf(x_z,2,5,2)"
261,CO_glscf_2_5_3,"CO_glscf(x_z,2,5,3)"
262,CO_glscf_2_5_4,"CO_glscf(x_z,2,5,4)"
263,CO_glscf_2_5_5,"CO_glscf(x_z,2,5,5)"
264,CO_glscf_2_5_tau,"CO_glscf(x_z,2,5,'tau')"
265,CO_fzcglscf_1_1,"CO_fzcglscf(x_z,1,1)"
266,CO_fzcglscf_1_2,"CO_fzcglscf(x_z,1,2)"
267,CO_fzcglscf_1_3,"CO_fzcglscf(x_z,1,3)"
268,CO_fzcglscf_1_4,"CO_fzcglscf(x_z,1,4)"
269,CO_fzcglscf_1_5,"CO_fzcglscf(x_z,1,5)"
270,CO_fzcglscf_1_6,"CO_fzcglscf(x_z,1,6)"
271,CO_fzcglscf_1_7,"CO_fzcglscf(x_z,1,7)"
272,CO_fzcglscf_1_8,"CO_fzcglscf(x_z,1,8)"
273,CO_fzcglscf_1_9,"CO_fzcglscf(x_z,1,9)"
274,CO_fzcglscf_1_10,"CO_fzcglscf(x_z,1,10)"
275,CO_fzcglscf_2_2,"CO_fzcglscf(x_z,2,2)"
276,CO_fzcglscf_2_5,"CO_fzcglscf(x_z,2,5)"
277,CO_fzcglscf_2_10,"CO_fzcglscf(x_z,2,10)"
278,CO_fzcglscf_5_5,"CO_fzcglscf(x_z,5,5)"
279,CO_fzcglscf_5_10,"CO_fzcglscf(x_z,5,10)"
280,CO_fzcglscf_10_10,"CO_fzcglscf(x_z,10,10)"
281,DT_IsSeasonal,"DT_IsSeasonal(x_z)"
282,StatAvl25,"SY_StatAv(x_z,'len',25)"
283,StatAvl50,"SY_StatAv(x_z,'len',50)"
284,StatAvl100,"SY_StatAv(x_z,'len',100)"
285,StatAvl150,"SY_StatAv(x_z,'len',150)"
286,StatAvl200,"SY_StatAv(x_z,'len',200)"
287,StatAvl250,"SY_StatAv(x_z,'len',250)"
288,StatAvl500,"SY_StatAv(x_z,'len',500)"
289,StatAvl1000,"SY_StatAv(x_z,'len',1000)"
290,SY_SlidingWindow_m_s_2_1,"SY_SlidingWindow(x_z,'mean','std',2,1)"
291,SY_SlidingWindow_m_s_3_1,"SY_SlidingWindow(x_z,'mean','std',3,1)"
292,SY_SlidingWindow_m_s_4_1,"SY_SlidingWindow(x_z,'mean','std',4,1)"
293,SY_SlidingWindow_m_s_5_1,"SY_SlidingWindow(x_z,'mean','std',5,1)"
294,SY_SlidingWindow_m_s_6_1,"SY_SlidingWindow(x_z,'mean','std',6,1)"
295,SY_SlidingWindow_m_s_7_1,"SY_SlidingWindow(x_z,'mean','std',7,1)"
296,SY_SlidingWindow_m_s_8_1,"SY_SlidingWindow(x_z,'mean','std',8,1)"
297,SY_SlidingWindow_m_s_9_1,"SY_SlidingWindow(x_z,'mean','std',9,1)"
298,SY_SlidingWindow_m_s_10_1,"SY_SlidingWindow(x_z,'mean','std',10,1)"
299,SY_SlidingWindow_m_s2_2,"SY_SlidingWindow(x_z,'mean','std',2,2)"
300,SY_SlidingWindow_m_s2_10,"SY_SlidingWindow(x_z,'mean','std',2,10)"
301,SY_SlidingWindow_m_s5_2,"SY_SlidingWindow(x_z,'mean','std',5,2)"
302,SY_SlidingWindow_m_s5_10,"SY_SlidingWindow(x_z,'mean','std',5,10)"
303,SY_SlidingWindow_m_s10_2,"SY_SlidingWindow(x_z,'mean','std',10,2)"
304,SY_SlidingWindow_m_s10_10,"SY_SlidingWindow(x_z,'mean','std',10,10)"
305,SY_SlidingWindow_m_sampen2_10,"SY_SlidingWindow(x_z,'mean','sampen',2,10)"
306,SY_SlidingWindow_m_sampen5_10,"SY_SlidingWindow(x_z,'mean','sampen',5,10)"
307,SY_SlidingWindow_m_sampen10_1,"SY_SlidingWindow(x_z,'mean','sampen',10,1)"
308,SY_SlidingWindow_m_sampen10_2,"SY_SlidingWindow(x_z,'mean','sampen',10,2)"
309,SY_SlidingWindow_m_sampen10_10,"SY_SlidingWindow(x_z,'mean','sampen',10,10)"
310,SY_SlidingWindow_m_ent2_1,"SY_SlidingWindow(x_z,'mean','ent',2,1)"
311,SY_SlidingWindow_m_ent2_2,"SY_SlidingWindow(x_z,'mean','ent',2,2)"
312,SY_SlidingWindow_m_ent2_10,"SY_SlidingWindow(x_z,'mean','ent',2,10)"
313,SY_SlidingWindow_m_ent5_1,"SY_SlidingWindow(x_z,'mean','ent',5,1)"
314,SY_SlidingWindow_m_ent5_2,"SY_SlidingWindow(x_z,'mean','ent',5,2)"
315,SY_SlidingWindow_m_ent5_10,"SY_SlidingWindow(x_z,'mean','ent',5,10)"
316,SY_SlidingWindow_m_ent10_1,"SY_SlidingWindow(x_z,'mean','ent',10,1)"
317,SY_SlidingWindow_m_ent10_2,"SY_SlidingWindow(x_z,'mean','ent',10,2)"
318,SY_SlidingWindow_m_ent10_10,"SY_SlidingWindow(x_z,'mean','ent',10,10)"
319,SY_SlidingWindow_s_s2_1,"SY_SlidingWindow(x_z,'std','std',2,1)"
320,SY_SlidingWindow_s_s2_2,"SY_SlidingWindow(x_z,'std','std',2,2)"
321,SY_SlidingWindow_s_s2_10,"SY_SlidingWindow(x_z,'std','std',2,10)"
322,SY_SlidingWindow_s_s5_1,"SY_SlidingWindow(x_z,'std','std',5,1)"
323,SY_SlidingWindow_s_s5_2,"SY_SlidingWindow(x_z,'std','std',5,2)"
324,SY_SlidingWindow_s_s5_10,"SY_SlidingWindow(x_z,'std','std',5,10)"
325,SY_SlidingWindow_s_s10_1,"SY_SlidingWindow(x_z,'std','std',10,1)"
326,SY_SlidingWindow_s_s10_2,"SY_SlidingWindow(x_z,'std','std',10,2)"
327,SY_SlidingWindow_s_s10_10,"SY_SlidingWindow(x_z,'std','std',10,10)"
328,SY_SlidingWindow_s_sampen2_10,"SY_SlidingWindow(x_z,'std','sampen',2,10)"
329,SY_SlidingWindow_s_sampen5_10,"SY_SlidingWindow(x_z,'std','sampen',5,10)"
330,SY_SlidingWindow_s_sampen10_1,"SY_SlidingWindow(x_z,'std','sampen',10,1)"
331,SY_SlidingWindow_s_sampen10_2,"SY_SlidingWindow(x_z,'std','sampen',10,2)"
332,SY_SlidingWindow_s_sampen10_10,"SY_SlidingWindow(x_z,'std','sampen',10,10)"
333,SY_SlidingWindow_s_ent2_1,"SY_SlidingWindow(x_z,'std','ent',2,1)"
334,SY_SlidingWindow_s_ent2_2,"SY_SlidingWindow(x_z,'std','ent',2,2)"
335,SY_SlidingWindow_s_ent2_10,"SY_SlidingWindow(x_z,'std','ent',2,10)"
336,SY_SlidingWindow_s_ent5_1,"SY_SlidingWindow(x_z,'std','ent',5,1)"
337,SY_SlidingWindow_s_ent5_2,"SY_SlidingWindow(x_z,'std','ent',5,2)"
338,SY_SlidingWindow_s_ent5_10,"SY_SlidingWindow(x_z,'std','ent',5,10)"
339,SY_SlidingWindow_s_ent10_1,"SY_SlidingWindow(x_z,'std','ent',10,1)"
340,SY_SlidingWindow_s_ent10_2,"SY_SlidingWindow(x_z,'std','ent',10,2)"
341,SY_SlidingWindow_s_ent10_10,"SY_SlidingWindow(x_z,'std','ent',10,10)"
342,SY_SlidingWindow_ent_s2_1,"SY_SlidingWindow(x_z,'ent','std',2,1)"
343,SY_SlidingWindow_ent_s2_2,"SY_SlidingWindow(x_z,'ent','std',2,2)"
344,SY_SlidingWindow_ent_s2_10,"SY_SlidingWindow(x_z,'ent','std',2,10)"
345,SY_SlidingWindow_ent_s5_1,"SY_SlidingWindow(x_z,'ent','std',5,1)"
346,SY_SlidingWindow_ent_s5_2,"SY_SlidingWindow(x_z,'ent','std',5,2)"
347,SY_SlidingWindow_ent_s5_10,"SY_SlidingWindow(x_z,'ent','std',5,10)"
348,SY_SlidingWindow_ent_s10_1,"SY_SlidingWindow(x_z,'ent','std',10,1)"
349,SY_SlidingWindow_ent_s10_2,"SY_SlidingWindow(x_z,'ent','std',10,2)"
350,SY_SlidingWindow_ent_s10_10,"SY_SlidingWindow(x_z,'ent','std',10,10)"
351,SY_SlidingWindow_ent_sampen2_10,"SY_SlidingWindow(x_z,'ent','sampen',2,10)"
352,SY_SlidingWindow_ent_sampen5_10,"SY_SlidingWindow(x_z,'ent','sampen',5,10)"
353,SY_SlidingWindow_ent_sampen10_2,"SY_SlidingWindow(x_z,'ent','sampen',10,2)"
354,SY_SlidingWindow_ent_sampen10_10,"SY_SlidingWindow(x_z,'ent','sampen',10,10)"
355,SY_SlidingWindow_ent_ent2_1,"SY_SlidingWindow(x_z,'ent','ent',2,1)"
356,SY_SlidingWindow_ent_ent2_2,"SY_SlidingWindow(x_z,'ent','ent',2,2)"
357,SY_SlidingWindow_ent_ent2_10,"SY_SlidingWindow(x_z,'ent','ent',2,10)"
358,SY_SlidingWindow_ent_ent5_1,"SY_SlidingWindow(x_z,'ent','ent',5,1)"
359,SY_SlidingWindow_ent_ent5_2,"SY_SlidingWindow(x_z,'ent','ent',5,2)"
360,SY_SlidingWindow_ent_ent5_10,"SY_SlidingWindow(x_z,'ent','ent',5,10)"
361,SY_SlidingWindow_ent_ent10_1,"SY_SlidingWindow(x_z,'ent','ent',10,1)"
362,SY_SlidingWindow_ent_ent10_2,"SY_SlidingWindow(x_z,'ent','ent',10,2)"
363,SY_SlidingWindow_ent_ent10_10,"SY_SlidingWindow(x_z,'ent','ent',10,10)"
364,SY_SlidingWindow_sampen_s2_1,"SY_SlidingWindow(x_z,'sampen','std',2,1)"
365,SY_SlidingWindow_sampen_s2_2,"SY_SlidingWindow(x_z,'sampen','std',2,2)"
366,SY_SlidingWindow_sampen_s2_10,"SY_SlidingWindow(x_z,'sampen','std',2,10)"
367,SY_SlidingWindow_sampen_s5_1,"SY_SlidingWindow(x_z,'sampen','std',5,1)"
368,SY_SlidingWindow_sampen_s5_2,"SY_SlidingWindow(x_z,'sampen','std',5,2)"
369,SY_SlidingWindow_sampen_s5_10,"SY_SlidingWindow(x_z,'sampen','std',5,10)"
370,SY_SlidingWindow_sampen_s10_1,"SY_SlidingWindow(x_z,'sampen','std',10,1)"
371,SY_SlidingWindow_sampen_s10_2,"SY_SlidingWindow(x_z,'sampen','std',10,2)"
372,SY_SlidingWindow_sampen_s10_10,"SY_SlidingWindow(x_z,'sampen','std',10,10)"
373,SY_SlidingWindow_sampen_sampen2_10,"SY_SlidingWindow(x_z,'sampen','sampen',2,10)"
374,SY_SlidingWindow_sampen_sampen5_10,"SY_SlidingWindow(x_z,'sampen','sampen',5,10)"
375,SY_SlidingWindow_sampen_sampen10_1,"SY_SlidingWindow(x_z,'sampen','sampen',10,1)"
376,SY_SlidingWindow_sampen_sampen10_2,"SY_SlidingWindow(x_z,'sampen','sampen',10,2)"
377,SY_SlidingWindow_sampen_sampen10_10,"SY_SlidingWindow(x_z,'sampen','sampen',10,10)"
378,SY_SlidingWindow_sampen_ent2_1,"SY_SlidingWindow(x_z,'sampen','ent',2,1)"
379,SY_SlidingWindow_sampen_ent2_2,"SY_SlidingWindow(x_z,'sampen','ent',2,2)"
380,SY_SlidingWindow_sampen_ent2_10,"SY_SlidingWindow(x_z,'sampen','ent',2,10)"
381,SY_SlidingWindow_sampen_ent5_1,"SY_SlidingWindow(x_z,'sampen','ent',5,1)"
382,SY_SlidingWindow_sampen_ent5_2,"SY_SlidingWindow(x_z,'sampen','ent',5,2)"
383,SY_SlidingWindow_sampen_ent5_10,"SY_SlidingWindow(x_z,'sampen','ent',5,10)"
384,SY_SlidingWindow_sampen_ent10_1,"SY_SlidingWindow(x_z,'sampen','ent',10,1)"
385,SY_SlidingWindow_sampen_ent10_2,"SY_SlidingWindow(x_z,'sampen','ent',10,2)"
386,SY_SlidingWindow_sampen_ent10_10,"SY_SlidingWindow(x_z,'sampen','ent',10,10)"
387,SY_SlidingWindow_mom3_s2_1,"SY_SlidingWindow(x_z,'mom3','std',2,1)"
388,SY_SlidingWindow_mom3_s2_2,"SY_SlidingWindow(x_z,'mom3','std',2,2)"
389,SY_SlidingWindow_mom3_s2_10,"SY_SlidingWindow(x_z,'mom3','std',2,10)"
390,SY_SlidingWindow_mom3_s5_1,"SY_SlidingWindow(x_z,'mom3','std',5,1)"
391,SY_SlidingWindow_mom3_s5_2,"SY_SlidingWindow(x_z,'mom3','std',5,2)"
392,SY_SlidingWindow_mom3_s5_10,"SY_SlidingWindow(x_z,'mom3','std',5,10)"
393,SY_SlidingWindow_mom3_s10_1,"SY_SlidingWindow(x_z,'mom3','std',10,1)"
394,SY_SlidingWindow_mom3_s10_2,"SY_SlidingWindow(x_z,'mom3','std',10,2)"
395,SY_SlidingWindow_mom3_s10_10,"SY_SlidingWindow(x_z,'mom3','std',10,10)"
396,SY_SlidingWindow_mom3_sampen2_10,"SY_SlidingWindow(x_z,'mom3','sampen',2,10)"
397,SY_SlidingWindow_mom3_sampen5_10,"SY_SlidingWindow(x_z,'mom3','sampen',5,10)"
398,SY_SlidingWindow_mom3_sampen10_1,"SY_SlidingWindow(x_z,'mom3','sampen',10,1)"
399,SY_SlidingWindow_mom3_sampen10_2,"SY_SlidingWindow(x_z,'mom3','sampen',10,2)"
400,SY_SlidingWindow_mom3_sampen10_10,"SY_SlidingWindow(x_z,'mom3','sampen',10,10)"
401,SY_SlidingWindow_mom3_ent2_1,"SY_SlidingWindow(x_z,'mom3','ent',2,1)"
402,SY_SlidingWindow_mom3_ent2_2,"SY_SlidingWindow(x_z,'mom3','ent',2,2)"
403,SY_SlidingWindow_mom3_ent2_10,"SY_SlidingWindow(x_z,'mom3','ent',2,10)"
404,SY_SlidingWindow_mom3_ent5_1,"SY_SlidingWindow(x_z,'mom3','ent',5,1)"
405,SY_SlidingWindow_mom3_ent5_2,"SY_SlidingWindow(x_z,'mom3','ent',5,2)"
406,SY_SlidingWindow_mom3_ent5_10,"SY_SlidingWindow(x_z,'mom3','ent',5,10)"
407,SY_SlidingWindow_mom3_ent10_1,"SY_SlidingWindow(x_z,'mom3','ent',10,1)"
408,SY_SlidingWindow_mom3_ent10_2,"SY_SlidingWindow(x_z,'mom3','ent',10,2)"
409,SY_SlidingWindow_mom3_ent10_10,"SY_SlidingWindow(x_z,'mom3','ent',10,10)"
410,SY_SlidingWindow_mom4_s2_1,"SY_SlidingWindow(x_z,'mom4','std',2,1)"
411,SY_SlidingWindow_mom4_s2_2,"SY_SlidingWindow(x_z,'mom4','std',2,2)"
412,SY_SlidingWindow_mom4_s2_10,"SY_SlidingWindow(x_z,'mom4','std',2,10)"
413,SY_SlidingWindow_mom4_s5_1,"SY_SlidingWindow(x_z,'mom4','std',5,1)"
414,SY_SlidingWindow_mom4_s5_2,"SY_SlidingWindow(x_z,'mom4','std',5,2)"
415,SY_SlidingWindow_mom4_s5_10,"SY_SlidingWindow(x_z,'mom4','std',5,10)"
416,SY_SlidingWindow_mom4_s10_1,"SY_SlidingWindow(x_z,'mom4','std',10,1)"
417,SY_SlidingWindow_mom4_s10_2,"SY_SlidingWindow(x_z,'mom4','std',10,2)"
418,SY_SlidingWindow_mom4_s10_10,"SY_SlidingWindow(x_z,'mom4','std',10,10)"
419,SY_SlidingWindow_mom4_sampen2_10,"SY_SlidingWindow(x_z,'mom4','sampen',2,10)"
420,SY_SlidingWindow_mom4_sampen5_10,"SY_SlidingWindow(x_z,'mom4','sampen',5,10)"
421,SY_SlidingWindow_mom4_sampen10_1,"SY_SlidingWindow(x_z,'mom4','sampen',10,1)"
422,SY_SlidingWindow_mom4_sampen10_2,"SY_SlidingWindow(x_z,'mom4','sampen',10,2)"
423,SY_SlidingWindow_mom4_sampen10_10,"SY_SlidingWindow(x_z,'mom4','sampen',10,10)"
424,SY_SlidingWindow_mom4_ent2_1,"SY_SlidingWindow(x_z,'mom4','ent',2,1)"
425,SY_SlidingWindow_mom4_ent2_2,"SY_SlidingWindow(x_z,'mom4','ent',2,2)"
426,SY_SlidingWindow_mom4_ent2_10,"SY_SlidingWindow(x_z,'mom4','ent',2,10)"
427,SY_SlidingWindow_mom4_ent5_1,"SY_SlidingWindow(x_z,'mom4','ent',5,1)"
428,SY_SlidingWindow_mom4_ent5_2,"SY_SlidingWindow(x_z,'mom4','ent',5,2)"
429,SY_SlidingWindow_mom4_ent5_10,"SY_SlidingWindow(x_z,'mom4','ent',5,10)"
430,SY_SlidingWindow_mom4_ent10_1,"SY_SlidingWindow(x_z,'mom4','ent',10,1)"
431,SY_SlidingWindow_mom4_ent10_2,"SY_SlidingWindow(x_z,'mom4','ent',10,2)"
432,SY_SlidingWindow_mom4_ent10_10,"SY_SlidingWindow(x_z,'mom4','ent',10,10)"
433,SY_SlidingWindow_lil_s2_1,"SY_SlidingWindow(x_z,'lillie','std',2,1)"
434,SY_SlidingWindow_lil_s2_2,"SY_SlidingWindow(x_z,'lillie','std',2,2)"
435,SY_SlidingWindow_lil_s2_10,"SY_SlidingWindow(x_z,'lillie','std',2,10)"
436,SY_SlidingWindow_lil_s5_1,"SY_SlidingWindow(x_z,'lillie','std',5,1)"
437,SY_SlidingWindow_lil_s5_2,"SY_SlidingWindow(x_z,'lillie','std',5,2)"
438,SY_SlidingWindow_lil_s5_10,"SY_SlidingWindow(x_z,'lillie','std',5,10)"
439,SY_SlidingWindow_lil_s10_1,"SY_SlidingWindow(x_z,'lillie','std',10,1)"
440,SY_SlidingWindow_lil_s10_2,"SY_SlidingWindow(x_z,'lillie','std',10,2)"
441,SY_SlidingWindow_lil_s10_10,"SY_SlidingWindow(x_z,'lillie','std',10,10)"
442,SY_SlidingWindow_lil_sampen2_10,"SY_SlidingWindow(x_z,'lillie','sampen',2,10)"
443,SY_SlidingWindow_lil_sampen5_10,"SY_SlidingWindow(x_z,'lillie','sampen',5,10)"
444,SY_SlidingWindow_lil_sampen10_1,"SY_SlidingWindow(x_z,'lillie','sampen',10,1)"
445,SY_SlidingWindow_lil_sampen10_2,"SY_SlidingWindow(x_z,'lillie','sampen',10,2)"
446,SY_SlidingWindow_lil_sampen10_10,"SY_SlidingWindow(x_z,'lillie','sampen',10,10)"
447,SY_SlidingWindow_lil_ent2_1,"SY_SlidingWindow(x_z,'lillie','ent',2,1)"
448,SY_SlidingWindow_lil_ent2_2,"SY_SlidingWindow(x_z,'lillie','ent',2,2)"
449,SY_SlidingWindow_lil_ent2_10,"SY_SlidingWindow(x_z,'lillie','ent',2,10)"
450,SY_SlidingWindow_lil_ent5_1,"SY_SlidingWindow(x_z,'lillie','ent',5,1)"
451,SY_SlidingWindow_lil_ent5_2,"SY_SlidingWindow(x_z,'lillie','ent',5,2)"
452,SY_SlidingWindow_lil_ent5_10,"SY_SlidingWindow(x_z,'lillie','ent',5,10)"
453,SY_SlidingWindow_lil_ent10_1,"SY_SlidingWindow(x_z,'lillie','ent',10,1)"
454,SY_SlidingWindow_lil_ent10_2,"SY_SlidingWindow(x_z,'lillie','ent',10,2)"
455,SY_SlidingWindow_lil_ent10_10,"SY_SlidingWindow(x_z,'lillie','ent',10,10)"
456,SY_SlidingWindow_ac1_s2_1,"SY_SlidingWindow(x_z,'AC1','std',2,1)"
457,SY_SlidingWindow_ac1_s2_2,"SY_SlidingWindow(x_z,'AC1','std',2,2)"
458,SY_SlidingWindow_ac1_s2_10,"SY_SlidingWindow(x_z,'AC1','std',2,10)"
459,SY_SlidingWindow_ac1_s5_1,"SY_SlidingWindow(x_z,'AC1','std',5,1)"
460,SY_SlidingWindow_ac1_s5_2,"SY_SlidingWindow(x_z,'AC1','std',5,2)"
461,SY_SlidingWindow_ac1_s5_10,"SY_SlidingWindow(x_z,'AC1','std',5,10)"
462,SY_SlidingWindow_ac1_s10_1,"SY_SlidingWindow(x_z,'AC1','std',10,1)"
463,SY_SlidingWindow_ac1_s10_2,"SY_SlidingWindow(x_z,'AC1','std',10,2)"
464,SY_SlidingWindow_ac1_s10_10,"SY_SlidingWindow(x_z,'AC1','std',10,10)"
465,SY_SlidingWindow_ac1_sampen2_10,"SY_SlidingWindow(x_z,'AC1','sampen',2,10)"
466,SY_SlidingWindow_ac1_sampen5_10,"SY_SlidingWindow(x_z,'AC1','sampen',5,10)"
467,SY_SlidingWindow_ac1_sampen10_1,"SY_SlidingWindow(x_z,'AC1','sampen',10,1)"
468,SY_SlidingWindow_ac1_sampen10_2,"SY_SlidingWindow(x_z,'AC1','sampen',10,2)"
469,SY_SlidingWindow_ac1_sampen10_10,"SY_SlidingWindow(x_z,'AC1','sampen',10,10)"
470,SY_SlidingWindow_ac1_ent2_1,"SY_SlidingWindow(x_z,'AC1','ent',2,1)"
471,SY_SlidingWindow_ac1_ent2_2,"SY_SlidingWindow(x_z,'AC1','ent',2,2)"
472,SY_SlidingWindow_ac1_ent2_10,"SY_SlidingWindow(x_z,'AC1','ent',2,10)"
473,SY_SlidingWindow_ac1_ent5_1,"SY_SlidingWindow(x_z,'AC1','ent',5,1)"
474,SY_SlidingWindow_ac1_ent5_2,"SY_SlidingWindow(x_z,'AC1','ent',5,2)"
475,SY_SlidingWindow_ac1_ent5_10,"SY_SlidingWindow(x_z,'AC1','ent',5,10)"
476,SY_SlidingWindow_ac1_ent10_1,"SY_SlidingWindow(x_z,'AC1','ent',10,1)"
477,SY_SlidingWindow_ac1_ent10_2,"SY_SlidingWindow(x_z,'AC1','ent',10,2)"
478,SY_SlidingWindow_ac1_ent10_10,"SY_SlidingWindow(x_z,'AC1','ent',10,10)"
479,SY_Trend,"SY_Trend(x_z)"
480,SY_StdNthDer_1,"SY_StdNthDer(x_z,1)"
481,SY_StdNthDer_2,"SY_StdNthDer(x_z,2)"
482,SY_StdNthDer_3,"SY_StdNthDer(x_z,3)"
483,SY_StdNthDer_4,"SY_StdNthDer(x_z,4)"
484,SY_StdNthDer_5,"SY_StdNthDer(x_z,5)"
485,SY_StdNthDer_10,"SY_StdNthDer(x_z,10)"
486,SY_StdNthDerChange,"SY_StdNthDerChange(x_z)"
487,SY_SpreadRandomLocal_ac2_100,"SY_SpreadRandomLocal(x_z,'ac2',100,'default')"
488,SY_SpreadRandomLocal_ac5_100,"SY_SpreadRandomLocal(x_z,'ac5',100,'default')"
489,SY_SpreadRandomLocal_50_100,"SY_SpreadRandomLocal(x_z,50,100,'default')"
490,SY_SpreadRandomLocal_100_100,"SY_SpreadRandomLocal(x_z,100,100,'default')"
491,SY_SpreadRandomLocal_200_100,"SY_SpreadRandomLocal(x_z,200,100,'default')"
492,SY_DriftingMean20,"SY_DriftingMean(x_z,'fix',20)"
493,SY_DriftingMean50,"SY_DriftingMean(x_z,'fix',50)"
494,SY_DriftingMean100,"SY_DriftingMean(x_z,'fix',100)"
495,SY_DriftingMeann5,"SY_DriftingMean(x_z,'num',5)"
496,SY_DriftingMeann10,"SY_DriftingMean(x_z,'num',10)"
497,SY_LocalDistributions_2_par,"SY_LocalDistributions(x_z,2,'par')"
498,SY_LocalDistributions_3_par,"SY_LocalDistributions(x_z,3,'par')"
499,SY_LocalDistributions_4_par,"SY_LocalDistributions(x_z,4,'par')"
500,SY_LocalDistributions_5_par,"SY_LocalDistributions(x_z,5,'par')"
501,SY_LocalDistributions_2_each,"SY_LocalDistributions(x_z,2,'each')"
502,SY_LocalDistributions_3_each,"SY_LocalDistributions(x_z,3,'each')"
503,SY_LocalDistributions_4_each,"SY_LocalDistributions(x_z,4,'each')"
504,SY_LocalDistributions_5_each,"SY_LocalDistributions(x_z,5,'each')"
505,SY_RangeEvolve,"SY_RangeEvolve(x_z)"
506,SY_LocalGlobal_l10,"SY_LocalGlobal(x_z,'l',10)"
507,SY_LocalGlobal_l20,"SY_LocalGlobal(x_z,'l',20)"
508,SY_LocalGlobal_l50,"SY_LocalGlobal(x_z,'l',50)"
509,SY_LocalGlobal_l100,"SY_LocalGlobal(x_z,'l',100)"
510,SY_LocalGlobal_l500,"SY_LocalGlobal(x_z,'l',500)"
511,SY_LocalGlobal_p01,"SY_LocalGlobal(x_z,'p',0.01)"
512,SY_LocalGlobal_p05,"SY_LocalGlobal(x_z,'p',0.05)"
513,SY_LocalGlobal_p1,"SY_LocalGlobal(x_z,'p',0.1)"
514,SY_LocalGlobal_p5,"SY_LocalGlobal(x_z,'p',0.5)"
515,SY_LocalGlobal_unicg10,"SY_LocalGlobal(x_z,'unicg',10)"
516,SY_LocalGlobal_unicg20,"SY_LocalGlobal(x_z,'unicg',20)"
517,SY_LocalGlobal_unicg50,"SY_LocalGlobal(x_z,'unicg',50)"
518,SY_LocalGlobal_unicg100,"SY_LocalGlobal(x_z,'unicg',100)"
519,SY_LocalGlobal_unicg500,"SY_LocalGlobal(x_z,'unicg',500)"
520,EN_wentropy_shannon,"EN_wentropy(x_z,'shannon')"
521,EN_wentropy_logenent,"EN_wentropy(x_z,'logenergy')"
522,EN_rpde_3_1,"EN_rpde(x_z,3,1)"
523,EN_rpde_3_ac,"EN_rpde(x_z,3,'ac')"
524,RM_entropy,"EN_RM_entropy(x_z)"
525,EN_CID,"EN_CID(x_z)"
526,EN_DistributionEntropy_ks_001_0,"EN_DistributionEntropy(x_z,'ks',0.01,0)"
527,EN_DistributionEntropy_ks_01_0,"EN_DistributionEntropy(x_z,'ks',0.1,0)"
528,EN_DistributionEntropy_ks_05_0,"EN_DistributionEntropy(x_z,'ks',0.5,0)"
529,EN_DistributionEntropy_ks_1_0,"EN_DistributionEntropy(x_z,'ks',1,0)"
530,EN_DistributionEntropy_ks__001,"EN_DistributionEntropy(x_z,'ks',[],0.01)"
531,EN_DistributionEntropy_ks__002,"EN_DistributionEntropy(x_z,'ks',[],0.02)"
532,EN_DistributionEntropy_ks__005,"EN_DistributionEntropy(x_z,'ks',[],0.05)"
533,EN_DistributionEntropy_ks__01,"EN_DistributionEntropy(x_z,'ks',[],0.1)"
534,EN_DistributionEntropy_ks__02,"EN_DistributionEntropy(x_z,'ks',[],0.2)"
535,EN_DistributionEntropy_ks__03,"EN_DistributionEntropy(x_z,'ks',[],0.3)"
536,EN_DistributionEntropy_raw_ks__001,"EN_DistributionEntropy(x,'ks',[],0.01)"
537,EN_DistributionEntropy_raw_ks__002,"EN_DistributionEntropy(x,'ks',[],0.02)"
538,EN_DistributionEntropy_raw_ks__005,"EN_DistributionEntropy(x,'ks',[],0.05)"
539,EN_DistributionEntropy_raw_ks__01,"EN_DistributionEntropy(x,'ks',[],0.1)"
540,EN_DistributionEntropy_raw_ks__02,"EN_DistributionEntropy(x,'ks',[],0.2)"
541,EN_DistributionEntropy_raw_ks__03,"EN_DistributionEntropy(x,'ks',[],0.3)"
542,EN_DistributionEntropy_hist_5_0,"EN_DistributionEntropy(x_z,'hist',5,0)"
543,EN_DistributionEntropy_hist_10_0,"EN_DistributionEntropy(x_z,'hist',10,0)"
544,EN_DistributionEntropy_hist_20_0,"EN_DistributionEntropy(x_z,'hist',20,0)"
545,EN_DistributionEntropy_hist_50_0,"EN_DistributionEntropy(x_z,'hist',50,0)"
546,EN_DistributionEntropy_hist_auto_0,"EN_DistributionEntropy(x_z,'hist','auto',0)"
547,EN_DistributionEntropy_hist_sqrt_0,"EN_DistributionEntropy(x_z,'hist','sqrt',0)"
548,EN_DistributionEntropy_hist_fd_0,"EN_DistributionEntropy(x_z,'hist','fd',0)"
549,EN_DistributionEntropy_hist_sturges_0,"EN_DistributionEntropy(x_z,'hist','sturges',0)"
550,EN_DistributionEntropy_hist_10_001,"EN_DistributionEntropy(x_z,'hist',10,0.01)"
551,EN_DistributionEntropy_hist_10_002,"EN_DistributionEntropy(x_z,'hist',10,0.02)"
552,EN_DistributionEntropy_hist_10_005,"EN_DistributionEntropy(x_z,'hist',10,0.05)"
553,EN_DistributionEntropy_hist_10_01,"EN_DistributionEntropy(x_z,'hist',10,0.1)"
554,EN_DistributionEntropy_hist_10_02,"EN_DistributionEntropy(x_z,'hist',10,0.2)"
555,EN_DistributionEntropy_hist_10_03,"EN_DistributionEntropy(x_z,'hist',10,0.3)"
556,EN_DistributionEntropy_hist_auto_001,"EN_DistributionEntropy(x_z,'hist','auto',0.01)"
557,EN_DistributionEntropy_hist_auto_002,"EN_DistributionEntropy(x_z,'hist','auto',0.02)"
558,EN_DistributionEntropy_hist_auto_005,"EN_DistributionEntropy(x_z,'hist','auto',0.05)"
559,EN_DistributionEntropy_hist_auto_01,"EN_DistributionEntropy(x_z,'hist','auto',0.1)"
560,EN_DistributionEntropy_hist_auto_02,"EN_DistributionEntropy(x_z,'hist','auto',0.2)"
561,EN_DistributionEntropy_hist_auto_03,"EN_DistributionEntropy(x_z,'hist','auto',0.3)"
562,SB_BinaryStretch_lseq1,"SB_BinaryStretch(x_z,'lseq1')"
563,SB_BinaryStretch_lseq0,"SB_BinaryStretch(x_z,'lseq0')"
564,ApEn1_01,"EN_ApEn(x_z,1,0.1)"
565,ApEn1_02,"EN_ApEn(x_z,1,0.2)"
566,ApEn2_01,"EN_ApEn(x_z,2,0.1)"
567,ApEn2_02,"EN_ApEn(x_z,2,0.2)"
568,EN_PermEn_2_1,"EN_PermEn(x_z,2,1)"
569,EN_PermEn_3_1,"EN_PermEn(x_z,3,1)"
570,EN_PermEn_4_1,"EN_PermEn(x_z,4,1)"
571,EN_PermEn_5_1,"EN_PermEn(x_z,5,1)"
572,EN_PermEn_2_2,"EN_PermEn(x_z,2,2)"
573,EN_PermEn_3_2,"EN_PermEn(x_z,3,2)"
574,EN_PermEn_4_2,"EN_PermEn(x_z,4,2)"
575,EN_PermEn_5_2,"EN_PermEn(x_z,5,2)"
576,EN_PermEn_2_ac,"EN_PermEn(x_z,2,'ac')"
577,EN_PermEn_3_ac,"EN_PermEn(x_z,3,'ac')"
578,EN_PermEn_4_ac,"EN_PermEn(x_z,4,'ac')"
579,EN_PermEn_5_ac,"EN_PermEn(x_z,5,'ac')"
580,DN_Fit_mle_geometric,"DN_Fit_mle(x_z,'geometric')"
581,DN_FitKernelSmoothraw,"DN_FitKernelSmooth(x,'numcross',[0.05,0.1,0.2,0.3,0.4,0.5],'area',[0.05,0.1,0.2,0.3,0.4,0.5],'arclength',[0.1,0.5,1,2])"
582,DN_FitKernelSmoothzscore,"DN_FitKernelSmooth(x_z)"
583,DK_timerev_1,"DK_timerev(x_z,1)"
584,DK_timerev_2,"DK_timerev(x_z,2)"
585,DK_timerev_3,"DK_timerev(x_z,3)"
586,DK_timerev_4,"DK_timerev(x_z,4)"
587,HT_HypothesisTest_signtest,"HT_HypothesisTest(x_z,'signtest')"
588,HT_HypothesisTest_runstest,"HT_HypothesisTest(x,'runstest')"
589,HT_HypothesisTest_lbqtest,"HT_HypothesisTest(x_z,'lbq')"
590,HT_HypothesisTest_lbqtestraw,"HT_HypothesisTest(x,'lbq')"
591,HT_HypothesisTest_ztest,"HT_HypothesisTest(x_z,'ztest')"
592,HT_HypothesisTest_signrank,"HT_HypothesisTest(x_z,'signrank')"
593,HT_HypothesisTest_jbtest,"HT_HypothesisTest(x,'jbtest')"
594,HT_DistributionTest_chi2norm5,"HT_DistributionTest(x,'chi2gof','norm',5)"
595,HT_DistributionTest_chi2norm10,"HT_DistributionTest(x,'chi2gof','norm',10)"
596,HT_DistributionTest_chi2norm25,"HT_DistributionTest(x,'chi2gof','norm',25)"
597,HT_DistributionTest_chi2norm50,"HT_DistributionTest(x,'chi2gof','norm',50)"
598,HT_DistributionTest_chi2norm100,"HT_DistributionTest(x,'chi2gof','norm',100)"
599,HT_DistributionTest_chi2ev5,"HT_DistributionTest(x,'chi2gof','ev',5)"
600,HT_DistributionTest_chi2ev10,"HT_DistributionTest(x,'chi2gof','ev',10)"
601,HT_DistributionTest_chi2ev25,"HT_DistributionTest(x,'chi2gof','ev',25)"
602,HT_DistributionTest_chi2ev50,"HT_DistributionTest(x,'chi2gof','ev',50)"
603,HT_DistributionTest_chi2ev100,"HT_DistributionTest(x,'chi2gof','ev',100)"
604,HT_DistributionTest_chi2uni5,"HT_DistributionTest(x,'chi2gof','uni',5)"
605,HT_DistributionTest_chi2uni10,"HT_DistributionTest(x,'chi2gof','uni',10)"
606,HT_DistributionTest_chi2uni25,"HT_DistributionTest(x,'chi2gof','uni',25)"
607,HT_DistributionTest_chi2uni50,"HT_DistributionTest(x,'chi2gof','uni',50)"
608,HT_DistributionTest_chi2uni100,"HT_DistributionTest(x,'chi2gof','uni',100)"
609,HT_DistributionTest_chi2beta5,"HT_DistributionTest(x,'chi2gof','beta',5)"
610,HT_DistributionTest_chi2beta10,"HT_DistributionTest(x,'chi2gof','beta',10)"
611,HT_DistributionTest_chi2beta25,"HT_DistributionTest(x,'chi2gof','beta',25)"
612,HT_DistributionTest_chi2beta50,"HT_DistributionTest(x,'chi2gof','beta',50)"
613,HT_DistributionTest_chi2beta100,"HT_DistributionTest(x,'chi2gof','beta',100)"
614,HT_DistributionTest_chi2rayl5,"HT_DistributionTest(x,'chi2gof','rayleigh',5)"
615,HT_DistributionTest_chi2rayl10,"HT_DistributionTest(x,'chi2gof','rayleigh',10)"
616,HT_DistributionTest_chi2rayl25,"HT_DistributionTest(x,'chi2gof','rayleigh',25)"
617,HT_DistributionTest_chi2rayl50,"HT_DistributionTest(x,'chi2gof','rayleigh',50)"
618,HT_DistributionTest_chi2rayl100,"HT_DistributionTest(x,'chi2gof','rayleigh',100)"
619,HT_DistributionTest_chi2exp5,"HT_DistributionTest(x,'chi2gof','exp',5)"
620,HT_DistributionTest_chi2exp10,"HT_DistributionTest(x,'chi2gof','exp',10)"
621,HT_DistributionTest_chi2exp25,"HT_DistributionTest(x,'chi2gof','exp',25)"
622,HT_DistributionTest_chi2exp50,"HT_DistributionTest(x,'chi2gof','exp',50)"
623,HT_DistributionTest_chi2exp100,"HT_DistributionTest(x,'chi2gof','exp',100)"
624,HT_DistributionTest_chi2gam5,"HT_DistributionTest(x,'chi2gof','gamma',5)"
625,HT_DistributionTest_chi2gam10,"HT_DistributionTest(x,'chi2gof','gamma',10)"
626,HT_DistributionTest_chi2gam25,"HT_DistributionTest(x,'chi2gof','gamma',25)"
627,HT_DistributionTest_chi2gam50,"HT_DistributionTest(x,'chi2gof','gamma',50)"
628,HT_DistributionTest_chi2gam100,"HT_DistributionTest(x,'chi2gof','gamma',100)"
629,HT_DistributionTest_chi2logn5,"HT_DistributionTest(x,'chi2gof','logn',5)"
630,HT_DistributionTest_chi2logn10,"HT_DistributionTest(x,'chi2gof','logn',10)"
631,HT_DistributionTest_chi2logn25,"HT_DistributionTest(x,'chi2gof','logn',25)"
632,HT_DistributionTest_chi2logn50,"HT_DistributionTest(x,'chi2gof','logn',50)"
633,HT_DistributionTest_chi2logn100,"HT_DistributionTest(x,'chi2gof','logn',100)"
634,HT_DistributionTest_chi2wbl5,"HT_DistributionTest(x,'chi2gof','wbl',5)"
635,HT_DistributionTest_chi2wbl10,"HT_DistributionTest(x,'chi2gof','wbl',10)"
636,HT_DistributionTest_chi2wbl25,"HT_DistributionTest(x,'chi2gof','wbl',25)"
637,HT_DistributionTest_chi2wbl50,"HT_DistributionTest(x,'chi2gof','wbl',50)"
638,HT_DistributionTest_chi2wbl100,"HT_DistributionTest(x,'chi2gof','wbl',100)"
639,HT_DistributionTest_ks_norm,"HT_DistributionTest(x,'ks','norm')"
640,HT_DistributionTest_ks_ev,"HT_DistributionTest(x,'ks','ev')"
641,HT_DistributionTest_ks_uni,"HT_DistributionTest(x,'ks','uni')"
642,HT_DistributionTest_ks_beta,"HT_DistributionTest(x,'ks','beta')"
643,HT_DistributionTest_ks_rayl,"HT_DistributionTest(x,'ks','rayleigh')"
644,HT_DistributionTest_ks_exp,"HT_DistributionTest(x,'ks','exp')"
645,HT_DistributionTest_ks_gam,"HT_DistributionTest(x,'ks','gamma')"
646,HT_DistributionTest_ks_logn,"HT_DistributionTest(x,'ks','logn')"
647,HT_DistributionTest_ks_wbl,"HT_DistributionTest(x,'ks','wbl')"
648,HT_DistributionTest_lillie_norm,"HT_DistributionTest(x,'lillie','norm')"
649,HT_DistributionTest_lillie_ev,"HT_DistributionTest(x,'lillie','ev')"
650,HT_DistributionTest_lillie_exp,"HT_DistributionTest(x,'lillie','exp')"
651,NL_TSTL_TakensEstimator_n1_005_005_1_8,"NL_TSTL_TakensEstimator(x_z,-1,0.05,0.05,{1,8})"
652,NL_TSTL_TakensEstimator_n1_005_005_1_3,"NL_TSTL_TakensEstimator(x_z,-1,0.05,0.05,{1,3})"
653,NL_TSTL_TakensEstimator_n1_005_005_ac_3,"NL_TSTL_TakensEstimator(x_z,-1,0.05,0.05,{'ac',3})"
654,NL_TSTL_TakensEstimator_n1_005_005_mi_3,"NL_TSTL_TakensEstimator(x_z,-1,0.05,0.05,{'mi',3})"
655,NL_TSTL_TakensEstimator_n1_005_005_mi_fnnmar,"NL_TSTL_TakensEstimator(x_z,-1,0.05,0.05,{'mi','fnnmar'},'default')"
656,NL_TSTL_TakensEstimator_n1_01_005_1_10,"NL_TSTL_TakensEstimator(x_z,-1,0.1,0.05,{1,10})"
657,NL_DVV_3_100_2_50_10_default,"NL_DVV(x_z,3,100,2,50,10,'default')"
658,DN_OutlierTest2,"DN_OutlierTest(x_z,2)"
659,DN_OutlierTest5,"DN_OutlierTest(x_z,5)"
660,DN_OutlierTest10,"DN_OutlierTest(x_z,10)"
661,ST_FitPolynomial_1,"ST_FitPolynomial(x_z,1)"
662,ST_FitPolynomial_2,"ST_FitPolynomial(x_z,2)"
663,ST_FitPolynomial_3,"ST_FitPolynomial(x_z,3)"
664,ST_FitPolynomial_4,"ST_FitPolynomial(x_z,4)"
665,DK_crinkle_statistic,"DK_crinkle(x_z)"
666,DK_TheilerQ,"DK_theilerQ(x_z)"
667,CP_wavelet_varchg_db3_2_10_001,"CP_wavelet_varchg(x_z,'db3',2,10,0.01)"
668,CP_wavelet_varchg_db3_3_10_001,"CP_wavelet_varchg(x_z,'db3',3,10,0.01)"
669,CP_wavelet_varchg_db3_4_10_001,"CP_wavelet_varchg(x_z,'db3',4,10,0.01)"
670,CP_wavelet_varchg_db3_5_10_001,"CP_wavelet_varchg(x_z,'db3',5,10,0.01)"
671,CP_wavelet_varchg_sym2_2_10_001,"CP_wavelet_varchg(x_z,'sym2',2,10,0.01)"
672,CP_wavelet_varchg_sym2_3_10_001,"CP_wavelet_varchg(x_z,'sym2',3,10,0.01)"
673,CP_wavelet_varchg_sym2_4_10_001,"CP_wavelet_varchg(x_z,'sym2',4,10,0.01)"
674,CP_wavelet_varchg_sym2_5_10_001,"CP_wavelet_varchg(x_z,'sym2',5,10,0.01)"
675,EN_MS_LZcomplexity_2,"EN_MS_LZcomplexity(x_z,2,[])"
676,EN_MS_LZcomplexity_3,"EN_MS_LZcomplexity(x_z,3,[])"
677,EN_MS_LZcomplexity_4,"EN_MS_LZcomplexity(x_z,4,[])"
678,EN_MS_LZcomplexity_5,"EN_MS_LZcomplexity(x_z,5,[])"
679,EN_MS_LZcomplexity_6,"EN_MS_LZcomplexity(x_z,6,[])"
680,EN_MS_LZcomplexity_7,"EN_MS_LZcomplexity(x_z,7,[])"
681,EN_MS_LZcomplexity_8,"EN_MS_LZcomplexity(x_z,8,[])"
682,EN_MS_LZcomplexity_9,"EN_MS_LZcomplexity(x_z,9,[])"
683,EN_MS_LZcomplexity_10,"EN_MS_LZcomplexity(x_z,10,[])"
684,EN_MS_LZcomplexity_2_diff,"EN_MS_LZcomplexity(x_z,2,'diff')"
685,EN_MS_LZcomplexity_3_diff,"EN_MS_LZcomplexity(x_z,3,'diff')"
686,EN_MS_LZcomplexity_4_diff,"EN_MS_LZcomplexity(x_z,4,'diff')"
687,EN_MS_LZcomplexity_5_diff,"EN_MS_LZcomplexity(x_z,5,'diff')"
688,EN_MS_LZcomplexity_6_diff,"EN_MS_LZcomplexity(x_z,6,'diff')"
689,EN_MS_LZcomplexity_7_diff,"EN_MS_LZcomplexity(x_z,7,'diff')"
690,EN_MS_LZcomplexity_8_diff,"EN_MS_LZcomplexity(x_z,8,'diff')"
691,EN_MS_LZcomplexity_9_diff,"EN_MS_LZcomplexity(x_z,9,'diff')"
692,EN_MS_LZcomplexity_10_diff,"EN_MS_LZcomplexity(x_z,10,'diff')"
693,MS_shannon_2_2,"EN_MS_shannon(x_z,2,2)"
694,MS_shannon_2_3,"EN_MS_shannon(x_z,2,3)"
695,MS_shannon_3_2,"EN_MS_shannon(x_z,3,2)"
696,MS_shannon_2t10_2,"EN_MS_shannon(x_z,2:10,2)"
697,MS_shannon_2t10_3,"EN_MS_shannon(x_z,2:10,3)"
698,MS_shannon_2t10_4,"EN_MS_shannon(x_z,2:10,4)"
699,MS_shannon_2_1t10,"EN_MS_shannon(x_z,2,1:10)"
700,MS_shannon_3_1t10,"EN_MS_shannon(x_z,3,1:10)"
701,MS_shannon_4_1t10,"EN_MS_shannon(x_z,4,1:10)"
702,MD_polvar_1_3,"MD_polvar(x_z,1,3)"
703,MD_polvar_05_3,"MD_polvar(x_z,0.5,3)"
704,MD_polvar_01_3,"MD_polvar(x_z,0.1,3)"
705,MD_polvar_1_5,"MD_polvar(x_z,1,5)"
706,MD_polvar_05_5,"MD_polvar(x_z,0.5,5)"
707,MD_polvar_01_5,"MD_polvar(x_z,0.1,5)"
708,MD_polvar_1_4,"MD_polvar(x_z,1,4)"
709,MD_polvar_05_4,"MD_polvar(x_z,0.5,4)"
710,MD_polvar_01_4,"MD_polvar(x_z,0.1,4)"
711,MD_polvar_1_6,"MD_polvar(x_z,1,6)"
712,MD_polvar_05_6,"MD_polvar(x_z,0.5,6)"
713,MD_polvar_01_6,"MD_polvar(x_z,0.1,6)"
714,CO_tc3_1,"CO_tc3(x_z,1)"
715,CO_tc3_2,"CO_tc3(x_z,2)"
716,CO_tc3_3,"CO_tc3(x_z,3)"
717,CO_tc3_ac,"CO_tc3(x_z,'ac')"
718,CO_tc3_mi,"CO_tc3(x_z,'mi')"
719,CO_trev_1,"CO_trev(x_z,1)"
720,CO_trev_2,"CO_trev(x_z,2)"
721,CO_trev_3,"CO_trev(x_z,3)"
722,CO_trev_ac,"CO_trev(x_z,'ac')"
723,CO_trev_mi,"CO_trev(x_z,'mi')"
724,IN_AutoMutualInfoStats_40_gaussian,"IN_AutoMutualInfoStats(x_z,40,'gaussian')"
725,IN_AutoMutualInfoStats_40_kraskov1_4,"IN_AutoMutualInfoStats(x_z,40,'kraskov1','4')"
726,IN_AutoMutualInfoStats_diff_20_gaussian,"IN_AutoMutualInfoStats(diff(x_z),20,'gaussian')"
727,IN_AutoMutualInfoStats_diff_20_kraskov1_4,"IN_AutoMutualInfoStats(diff(x_z),20,'kraskov1','4')"
728,CO_CompareMinAMI_std1_2_80,"CO_CompareMinAMI(x_z,'std1',[2:80])"
729,CO_CompareMinAMI_quantiles_2_80,"CO_CompareMinAMI(x_z,'quantiles',[2:80])"
730,CO_CompareMinAMI_even_2_80,"CO_CompareMinAMI(x_z,'even',[2:80])"
731,CO_CompareMinAMI_std2_2_80,"CO_CompareMinAMI(x_z,'std2',[2:80])"
732,CO_AddNoise_1_quantiles_10,"CO_AddNoise(x_z,1,'quantiles',10,'default')"
733,CO_AddNoise_ac_quantiles_10,"CO_AddNoise(x_z,'ac','quantiles',10,'default')"
734,CO_AddNoise_1_even_10,"CO_AddNoise(x_z,1,'even',10,'default')"
735,CO_AddNoise_ac_even_10,"CO_AddNoise(x_z,'ac','even',10,'default')"
736,CO_AddNoise_1_std1_10,"CO_AddNoise(x_z,1,'std1',10,'default')"
737,CO_AddNoise_ac_std1_10,"CO_AddNoise(x_z,'ac','std1',10,'default')"
738,CO_AddNoise_1_gaussian,"CO_AddNoise(x_z,1,'gaussian',[],'default')"
739,CO_AddNoise_ac_gaussian,"CO_AddNoise(x_z,'ac','gaussian',[],'default')"
740,CO_AddNoise_1_kraskov1_4,"CO_AddNoise(x_z,1,'kraskov1','4','default')"
741,CO_AddNoise_ac_kraskov1_4,"CO_AddNoise(x_z,'ac','kraskov1','4','default')"
742,SB_TransitionMatrix_21,"SB_TransitionMatrix(x_z,'quantile',2,1)"
743,SB_TransitionMatrix_31,"SB_TransitionMatrix(x_z,'quantile',3,1)"
744,SB_TransitionMatrix_41,"SB_TransitionMatrix(x_z,'quantile',4,1)"
745,SB_TransitionMatrix_51,"SB_TransitionMatrix(x_z,'quantile',5,1)"
746,SB_TransitionMatrix_2ac,"SB_TransitionMatrix(x_z,'quantile',2,'ac')"
747,SB_TransitionMatrix_3ac,"SB_TransitionMatrix(x_z,'quantile',3,'ac')"
748,SB_TransitionMatrix_4ac,"SB_TransitionMatrix(x_z,'quantile',4,'ac')"
749,SB_TransitionMatrix_5ac,"SB_TransitionMatrix(x_z,'quantile',5,'ac')"
750,SB_TransitionpAlphabet_40_1,"SB_TransitionpAlphabet(x_z,2:40,1)"
751,SB_TransitionpAlphabet_20_ac,"SB_TransitionpAlphabet(x_z,2:20,'ac')"
752,CO_AutoCorrShape_drown,"CO_AutoCorrShape(x_z,'drown')"
753,CO_AutoCorrShape_posDrown,"CO_AutoCorrShape(x_z,'posDrown')"
754,CO_Embed2_Basic_1,"CO_Embed2_Basic(x_z,1)"
755,CO_Embed2_Basic_tau,"CO_Embed2_Basic(x_z,'tau')"
756,PD_PeriodicityWang,"PD_PeriodicityWang(x_z)"
757,PH_ForcePotential_dblwell_1_02_01,"PH_ForcePotential(x_z,'dblwell',[1,0.2,0.1])"
758,PH_ForcePotential_dblwell_1_05_02,"PH_ForcePotential(x_z,'dblwell',[1,0.5,0.2])"
759,PH_ForcePotential_dblwell_2_005_02,"PH_ForcePotential(x_z,'dblwell',[2,0.05,0.2])"
760,PH_ForcePotential_dblwell_3_001_01,"PH_ForcePotential(x_z,'dblwell',[3,0.01,0.1])"
761,PH_ForcePotential_sine_3_05_1,"PH_ForcePotential(x_z,'sine',[3,0.5,1])"
762,PH_ForcePotential_sine_1_1_1,"PH_ForcePotential(x_z,'sine',[1,1,1])"
763,PH_ForcePotential_sine_10_004_10,"PH_ForcePotential(x_z,'sine',[10,0.04,10])"
764,DN_RemovePoints_absclose_01_remove,"DN_RemovePoints(x_z,'absclose',0.1,'remove')"
765,DN_RemovePoints_absclose_05_remove,"DN_RemovePoints(x_z,'absclose',0.5,'remove')"
766,DN_RemovePoints_absclose_08_remove,"DN_RemovePoints(x_z,'absclose',0.8,'remove')"
767,DN_RemovePoints_absfar_01_remove,"DN_RemovePoints(x_z,'absfar',0.1,'remove')"
768,DN_RemovePoints_absfar_08_remove,"DN_RemovePoints(x_z,'absfar',0.8,'remove')"
769,DN_RemovePoints_absfar_01_saturate,"DN_RemovePoints(x_z,'absfar',0.1,'saturate')"
770,DN_RemovePoints_absfar_08_saturate,"DN_RemovePoints(x_z,'absfar',0.8,'saturate')"
771,DN_RemovePoints_min_01_saturate,"DN_RemovePoints(x_z,'min',0.1,'saturate')"
772,DN_RemovePoints_min_05_saturate,"DN_RemovePoints(x_z,'min',0.5,'saturate')"
773,DN_RemovePoints_min_08_saturate,"DN_RemovePoints(x_z,'min',0.8,'saturate')"
774,DN_RemovePoints_max_01_saturate,"DN_RemovePoints(x_z,'max',0.1,'saturate')"
775,DN_RemovePoints_max_08_saturate,"DN_RemovePoints(x_z,'max',0.8,'saturate')"
776,CO_TranslateShape_circle_15_pts,"CO_TranslateShape(x_z,'circle',1.5,'pts')"
777,CO_TranslateShape_circle_25_pts,"CO_TranslateShape(x_z,'circle',2.5,'pts')"
778,CO_TranslateShape_circle_35_pts,"CO_TranslateShape(x_z,'circle',3.5,'pts')"
779,CO_TranslateShape_rectangle_2_pts,"CO_TranslateShape(x_z,'rectangle',2,'pts')"
780,CO_StickAngles_y,"CO_StickAngles(x_z)"
781,CO_Embed2_tau,"CO_Embed2(x_z,'tau')"
782,CO_Embed2_AngleTau_50,"CO_Embed2_AngleTau(x_z,50)"
783,CO_Embed2_Dist_tau,"CO_Embed2_Dist(x_z,'tau')"
784,CO_Embed2_Shapes_tau_circle_01,"CO_Embed2_Shapes(x_z,'tau','circle',0.1)"
785,CO_Embed2_Shapes_tau_circle_1,"CO_Embed2_Shapes(x_z,'tau','circle',1)"
786,NW_VisibilityGraph_horiz,"NW_VisibilityGraph(x_z,'horiz')"
787,NW_VisibilityGraph_norm,"NW_VisibilityGraph(x_z,'norm')"
788,SY_DynWin10,"SY_DynWin(x_z,10)"
789,FC_Surprise_dist_5_2_q_500,"FC_Surprise(x_z,'dist',5,2,'quantile',500,'default')"
790,FC_Surprise_dist_20_2_q_500,"FC_Surprise(x_z,'dist',20,2,'quantile',500,'default')"
791,FC_Surprise_dist_50_3_q_500,"FC_Surprise(x_z,'dist',50,3,'quantile',500,'default')"
792,FC_Surprise_dist_100_4_q_500,"FC_Surprise(x_z,'dist',100,4,'quantile',500,'default')"
793,FC_Surprise_dist_100_5_q_500,"FC_Surprise(x_z,'dist',100,5,'quantile',500,'default')"
794,FC_Surprise_T1_20_2_q_500,"FC_Surprise(x_z,'T1',20,2,'quantile',500,'default')"
795,FC_Surprise_T1_50_3_q_500,"FC_Surprise(x_z,'T1',50,3,'quantile',500,'default')"
796,FC_Surprise_T1_100_4_q_500,"FC_Surprise(x_z,'T1',100,4,'quantile',500,'default')"
797,FC_Surprise_T1_100_5_q_500,"FC_Surprise(x_z,'T1',100,5,'quantile',500,'default')"
798,FC_Surprise_T2_20_2_q_500,"FC_Surprise(x_z,'T2',20,2,'quantile',500,'default')"
799,FC_Surprise_T2_50_3_q_500,"FC_Surprise(x_z,'T2',50,3,'quantile',500,'default')"
800,FC_Surprise_T2_100_4_q_500,"FC_Surprise(x_z,'T2',100,4,'quantile',500,'default')"
801,FC_Surprise_T2_100_5_q_500,"FC_Surprise(x_z,'T2',100,5,'quantile',500,'default')"
802,FC_Surprise_dist_5_2_udq_500,"FC_Surprise(x_z,'dist',5,2,'updown',500,'default')"
803,FC_Surprise_dist_20_2_udq_500,"FC_Surprise(x_z,'dist',20,2,'updown',500,'default')"
804,FC_Surprise_dist_50_3_udq_500,"FC_Surprise(x_z,'dist',50,3,'updown',500,'default')"
805,FC_Surprise_dist_100_4_udq_500,"FC_Surprise(x_z,'dist',100,4,'updown',500,'default')"
806,FC_Surprise_dist_100_5_udq_500,"FC_Surprise(x_z,'dist',100,5,'updown',500,'default')"
807,FC_Surprise_T1_20_2_udq_500,"FC_Surprise(x_z,'T1',20,2,'updown',500,'default')"
808,FC_Surprise_T1_50_3_udq_500,"FC_Surprise(x_z,'T1',50,3,'updown',500,'default')"
809,FC_Surprise_T1_100_4_udq_500,"FC_Surprise(x_z,'T1',100,4,'updown',500,'default')"
810,FC_Surprise_T1_100_5_udq_500,"FC_Surprise(x_z,'T1',100,5,'updown',500,'default')"
811,FC_Surprise_T2_20_2_udq_500,"FC_Surprise(x_z,'T2',20,2,'updown',500,'default')"
812,FC_Surprise_T2_50_3_udq_500,"FC_Surprise(x_z,'T2',50,3,'updown',500,'default')"
813,FC_Surprise_T2_100_4_udq_500,"FC_Surprise(x_z,'T2',100,4,'updown',500,'default')"
814,FC_Surprise_T2_100_5_udq_500,"FC_Surprise(x_z,'T2',100,5,'updown',500,'default')"
815,FC_Surprise_dist_5_1_m2quad_500,"FC_Surprise(x_z,'dist',5,1,'embed2quadrants',500,'default')"
816,FC_Surprise_dist_5_tau_m2quad_500,"FC_Surprise(x_z,'dist',5,'tau','embed2quadrants',500,'default')"
817,FC_Surprise_dist_10_tau_m2quad_500,"FC_Surprise(x_z,'dist',10,'tau','embed2quadrants',500,'default')"
818,FC_Surprise_dist_20_tau_m2quad_500,"FC_Surprise(x_z,'dist',20,'tau','embed2quadrants',500,'default')"
819,FC_Surprise_T1_10_1_m2quad_500,"FC_Surprise(x_z,'T1',10,1,'embed2quadrants',500,'default')"
820,FC_Surprise_T1_10_tau_m2quad_500,"FC_Surprise(x_z,'T1',10,'tau','embed2quadrants',500,'default')"
821,FC_Surprise_T1_20_tau_m2quad_500,"FC_Surprise(x_z,'T1',20,'tau','embed2quadrants',500,'default')"
822,FC_Surprise_T1_50_tau_m2quad_500,"FC_Surprise(x_z,'T1',50,'tau','embed2quadrants',500,'default')"
823,FC_Surprise_T2_50_tau_m2quad_500,"FC_Surprise(x_z,'T2',50,'tau','embed2quadrants',500,'default')"
824,FC_Surprise_T2_100_tau_m2quad_500,"FC_Surprise(x_z,'T2',100,'tau','embed2quadrants',500,'default')"
825,PH_Walker_prop_01,"PH_Walker(x_z,'prop',0.1)"
826,PH_Walker_prop_05,"PH_Walker(x_z,'prop',0.5)"
827,PH_Walker_prop_09,"PH_Walker(x_z,'prop',0.9)"
828,PH_Walker_prop_11,"PH_Walker(x_z,'prop',1.1)"
829,PH_Walker_biasprop_05_01,"PH_Walker(x_z,'biasprop',[0.5,0.1])"
830,PH_Walker_biasprop_01_05,"PH_Walker(x_z,'biasprop',[0.1,0.5])"
831,PH_Walker_momentum_2,"PH_Walker(x_z,'momentum',2)"
832,PH_Walker_momentum_5,"PH_Walker(x_z,'momentum',5)"
833,PH_Walker_runningvar_15_50,"PH_Walker(x_z,'runningvar',[1.5,50])"
834,EN_SampEn_5_005,"EN_SampEn(x_z,5,0.05)"
835,EN_SampEn_5_01,"EN_SampEn(x_z,5,0.1)"
836,EN_SampEn_5_015,"EN_SampEn(x_z,5,0.15)"
837,EN_SampEn_5_02,"EN_SampEn(x_z,5,0.2)"
838,EN_SampEn_5_03,"EN_SampEn(x_z,5,0.3)"
839,EN_SampEn_5_01_diff1,"EN_SampEn(x_z,5,0.1,'diff1')"
840,EN_SampEn_5_02_diff1,"EN_SampEn(x_z,5,0.2,'diff1')"
841,EN_mse_1-10_2_015,"EN_mse(x_z,1:10,2,0.15)"
842,EN_mse_1-10_2_015_diff1,"EN_mse(x_z,1:10,2,0.15,'diff1')"
843,EN_mse_1-10_2_015_rescale_tau,"EN_mse(x_z,1:10,2,0.15,'rescale_tau')"
844,EN_Randomize_statdist,"EN_Randomize(x_z,'statdist','default')"
845,EN_Randomize_dyndist,"EN_Randomize(x_z,'dyndist','default')"
846,EN_Randomize_permute,"EN_Randomize(x_z,'permute','default')"
847,FC_LocalSimple_mean1,"FC_LocalSimple(x_z,'mean',1)"
848,FC_LocalSimple_mean2,"FC_LocalSimple(x_z,'mean',2)"
849,FC_LocalSimple_mean3,"FC_LocalSimple(x_z,'mean',3)"
850,FC_LocalSimple_mean4,"FC_LocalSimple(x_z,'mean',4)"
851,FC_LocalSimple_meantau,"FC_LocalSimple(x_z,'mean','ac')"
852,FC_LoopLocalSimple_mean,"FC_LoopLocalSimple(x_z,'mean')"
853,FC_LocalSimple_median3,"FC_LocalSimple(x_z,'median',3)"
854,FC_LocalSimple_median5,"FC_LocalSimple(x_z,'median',5)"
855,FC_LocalSimple_median7,"FC_LocalSimple(x_z,'median',7)"
856,FC_LocalSimple_lfit2,"FC_LocalSimple(x_z,'lfit',2)"
857,FC_LocalSimple_lfit3,"FC_LocalSimple(x_z,'lfit',3)"
858,FC_LocalSimple_lfit4,"FC_LocalSimple(x_z,'lfit',4)"
859,FC_LocalSimple_lfit5,"FC_LocalSimple(x_z,'lfit',5)"
860,FC_LocalSimple_lfittau,"FC_LocalSimple(x_z,'lfit','ac')"
861,DN_SimpleFit_gauss1_ks,"DN_SimpleFit(x_z,'gauss1',0)"
862,DN_SimpleFit_gauss1_hsqrt,"DN_SimpleFit(x_z,'gauss1','sqrt')"
863,DN_SimpleFit_gauss2_ks,"DN_SimpleFit(x_z,'gauss2',0)"
864,DN_SimpleFit_gauss2_hsqrt,"DN_SimpleFit(x_z,'gauss2','sqrt')"
865,DN_SimpleFit_exp1_ks,"DN_SimpleFit(x_z,'exp1',0)"
866,DN_SimpleFit_exp1_hsqrt,"DN_SimpleFit(x_z,'exp1','sqrt')"
867,DN_SimpleFit_power1_hsqrt,"DN_SimpleFit(x,'power1','sqrt')"
868,DN_CompareKSFit_norm,"DN_CompareKSFit(x,'norm')"
869,DN_CompareKSFit_ev,"DN_CompareKSFit(x,'ev')"
870,DN_CompareKSFit_uni,"DN_CompareKSFit(x,'uni')"
871,DN_CompareKSFit_beta,"DN_CompareKSFit(x,'beta')"
872,DN_CompareKSFit_rayleigh,"DN_CompareKSFit(x,'rayleigh')"
873,DN_CompareKSFit_exp,"DN_CompareKSFit(x,'exp')"
874,DN_CompareKSFit_gamma,"DN_CompareKSFit(x,'gamma')"
875,DN_CompareKSFit_logn,"DN_CompareKSFit(x,'logn')"
876,DN_CompareKSFit_wbl,"DN_CompareKSFit(x,'wbl')"
877,DN_OutlierInclude_abs_001,"DN_OutlierInclude(x_z,'abs',0.01)"
878,DN_OutlierInclude_p_001,"DN_OutlierInclude(x_z,'pos',0.01)"
879,DN_OutlierInclude_n_001,"DN_OutlierInclude(x_z,'neg',0.01)"
880,ST_LocalExtrema_l50,"ST_LocalExtrema(x_z,'l',50)"
881,ST_LocalExtrema_l100,"ST_LocalExtrema(x_z,'l',100)"
882,ST_LocalExtrema_n25,"ST_LocalExtrema(x_z,'n',25)"
883,ST_LocalExtrema_n50,"ST_LocalExtrema(x_z,'n',50)"
884,ST_LocalExtrema_n100,"ST_LocalExtrema(x_z,'n',100)"
885,EX_MovingThreshold_01_01,"EX_MovingThreshold(x_z,0.1,0.1)"
886,EX_MovingThreshold_01_002,"EX_MovingThreshold(x_z,0.1,0.02)"
887,EX_MovingThreshold_1_01,"EX_MovingThreshold(x_z,1,0.1)"
888,EX_MovingThreshold_1_002,"EX_MovingThreshold(x_z,1,0.02)"
889,SB_BinaryStats_mean,"SB_BinaryStats(x_z,'mean')"
890,SB_BinaryStats_diff,"SB_BinaryStats(x_z,'diff')"
891,SB_BinaryStats_iqr,"SB_BinaryStats(x_z,'iqr')"
892,SB_MotifTwo_diff,"SB_MotifTwo(x_z,'diff')"
893,SB_MotifTwo_mean,"SB_MotifTwo(x_z,'mean')"
894,SB_MotifTwo_median,"SB_MotifTwo(x_z,'median')"
895,SB_MotifThree_quantile,"SB_MotifThree(x_z,'quantile')"
896,SB_MotifThree_diffquant,"SB_MotifThree(x_z,'diffquant')"
897,MF_AR_arcov_1,"MF_AR_arcov(x_z,1)"
898,MF_AR_arcov_2,"MF_AR_arcov(x_z,2)"
899,MF_AR_arcov_3,"MF_AR_arcov(x_z,3)"
900,MF_AR_arcov_4,"MF_AR_arcov(x_z,4)"
901,MF_AR_arcov_5,"MF_AR_arcov(x_z,5)"
902,DN_SimpleFit_sin1,"DN_SimpleFit(x_z,'sin1')"
903,DN_SimpleFit_sin2,"DN_SimpleFit(x_z,'sin2')"
904,DN_SimpleFit_sin3,"DN_SimpleFit(x_z,'sin3')"
905,SC_fastdfa,"SC_fastdfa(x_z)"
906,SC_FluctAnal_2_nothing_50_logi,"SC_FluctAnal(x_z,2,'nothing',50,[],[],true)"
907,SC_FluctAnal_2_endptdiff_50_logi,"SC_FluctAnal(x_z,2,'endptdiff',50,[],[],true)"
908,SC_FluctAnal_2_range_50_logi,"SC_FluctAnal(x_z,2,'range',50,[],[],true)"
909,SC_FluctAnal_2_std_50_logi,"SC_FluctAnal(x_z,2,'std',50,[],[],true)"
910,SC_FluctAnal_2_iqr_50_logi,"SC_FluctAnal(x_z,2,'iqr',50,[],[],true)"
911,SC_FluctAnal_2_rsrange_50_logi,"SC_FluctAnal(x_z,2,'rsrange',50,[],[],true)"
912,SC_FluctAnal_2_rsrangefit_50_1_logi,"SC_FluctAnal(x_z,2,'rsrangefit',50,1,[],true)"
913,SC_FluctAnal_2_dfa_50_0_logi,"SC_FluctAnal(x_z,2,'dfa',50,0,[],true)"
914,SC_FluctAnal_2_dfa_50_1_logi,"SC_FluctAnal(x_z,2,'dfa',50,1,[],true)"
915,SC_FluctAnal_2_dfa_50_1_2_logi,"SC_FluctAnal(x_z,2,'dfa',50,1,2,true)"
916,SC_FluctAnal_2_dfa_50_1_3_logi,"SC_FluctAnal(x_z,2,'dfa',50,1,3,true)"
917,SC_FluctAnal_2_dfa_50_2_logi,"SC_FluctAnal(x_z,2,'dfa',50,2,[],true)"
918,SC_FluctAnal_2_dfa_50_3_logi,"SC_FluctAnal(x_z,2,'dfa',50,3,[],true)"
919,SC_FluctAnal_mag_2_dfa_50_2_logi,"SC_FluctAnal(zscore(abs(x_z)),2,'dfa',50,2,[],true)"
920,SC_FluctAnal_sign_2_dfa_50_2_logi,"SC_FluctAnal(zscore(sign(x_z)),2,'dfa',50,2,[],true)"
921,SC_MMA_0__n5_5,"SC_MMA(x_z,0,[],[-5,5])"
922,SP_Summaries_pgram_hamm,"SP_Summaries(x_z,'periodogram','hamming',[],false)"
923,SP_Summaries_welch_rect,"SP_Summaries(x_z,'welch','rect',[],false)"
924,SP_Summaries_fft,"SP_Summaries(x_z,'fft',[],[],false)"
925,NL_crptool_fnn_10_2_mi,"NL_crptool_fnn(x_z,10,2,'mi',[],'default')"
926,NL_crptool_fnn_10_2_ac,"NL_crptool_fnn(x_z,10,2,'ac',[],'default')"
927,NL_crptool_fnn_10_2_1,"NL_crptool_fnn(x_z,10,2,1,[],'default')"
928,NL_TISEAN_fnn_ac_10_005,"NL_TISEAN_fnn(x_z,'ac',10,0.05,0)"
929,NL_TISEAN_fnn_mi_10_005,"NL_TISEAN_fnn(x_z,'mi',10,0.05,0)"
930,NL_TISEAN_fnn_1_10_005,"NL_TISEAN_fnn(x_z,1,10,0.05,0)"
931,SY_TISEAN_nstat_z_4_1_3,"SY_TISEAN_nstat_z(x_z,4,{1,3})"
932,SY_TISEAN_nstat_z_5_1_3,"SY_TISEAN_nstat_z(x_z,5,{1,3})"
933,NL_TISEAN_d2_1_10_0,"NL_TISEAN_d2(x_z,1,10,0)"
934,NL_TISEAN_d2_ac_10_001,"NL_TISEAN_d2(x_z,'ac',10,0.01)"
935,NL_TISEAN_c1_1_1_7_002_05,"NL_TISEAN_c1(x_z,1,[1,7],0.02,0.5)"
936,NL_TISEAN_c1_1_2_6_25_01,"NL_TISEAN_c1(x_z,1,[2,6],25,0.1)"
937,NL_BoxCorrDim_50_ac_5,"NL_BoxCorrDim(x_z,50,{'ac',5})"
938,NL_TSTL_GPCorrSum2_n1_05_40_20_ac_fnnmar,"NL_TSTL_GPCorrSum(x_z,-1,0.5,40,20,{'ac','fnnmar'},1)"
939,NL_TSTL_GPCorrSum2_n1_05_100_20_ac_fnnmar,"NL_TSTL_GPCorrSum(x_z,-1,0.5,100,20,{'ac','fnnmar'},1)"
940,NL_TSTL_GPCorrSum2_n1_01_40_20_ac_fnnmar,"NL_TSTL_GPCorrSum(x_z,-1,0.1,40,20,{'ac','fnnmar'},1)"
941,NL_TSTL_GPCorrSum2_n1_01_40_40_ac_fnnmar,"NL_TSTL_GPCorrSum(x_z,-1,0.1,40,40,{'ac','fnnmar'},1)"
942,TSTL_delaytime_01_1,"TSTL_delaytime(x_z,0.1,1,'default')"
943,NL_TSTL_dimensions_50_ac_fnnmar,"NL_TSTL_dimensions(x_z,50,{'ac','fnnmar'})"
944,NL_TSTL_FractalDimensions_5_20_02_1_10_0_32_ac_fnnmar,"NL_TSTL_FractalDimensions(x_z,5,20,0.2,1,10,0,32,{'ac','fnnmar'})"
945,NL_TSTL_FractalDimensions_5_100_02_1_10_0_32_ac_3,"NL_TSTL_FractalDimensions(x_z,5,100,0.2,1,10,0,32,{'ac',3})"
946,NL_TSTL_FractalDimensions_2_100_02_1_5_10_32_ac_5,"NL_TSTL_FractalDimensions(x_z,2,100,0.2,1,5,10,32,{'ac',5})"
947,NL_TSTL_FractalDimensions_2_100_02_1_5_10_32_1_5,"NL_TSTL_FractalDimensions(x_z,2,100,0.2,1,5,10,32,{1,5})"
948,NL_TSTL_FractalDimensions_2_10_n1_1_5_10_32_1_5,"NL_TSTL_FractalDimensions(x_z,2,10,-1,1,5,10,32,{1,5})"
949,TSTL_localdensity_5_40_ac_fnnmar,"TSTL_localdensity(x_z,5,40,{'ac','fnnmar'})"
950,TSTL_localdensity_5_40_ac_2,"TSTL_localdensity(x_z,5,40,{'ac',2})"
951,TSTL_localdensity_5_40_1_3,"TSTL_localdensity(x_z,5,40,{1,3})"
952,NL_TSTL_PoincareSection_max_mi,"NL_TSTL_PoincareSection(x_z,'max',{'mi',3})"
953,NL_TSTL_PoincareSection_max_ac,"NL_TSTL_PoincareSection(x_z,'max',{'ac',3})"
954,NL_TSTL_PoincareSection_max_1,"NL_TSTL_PoincareSection(x_z,'max',{1,3})"
955,NL_TSTL_LargestLyap_n1_01_001_3_mi_fnnmar,"NL_TSTL_LargestLyap(x_z,-1,0.1,0.01,3,{'mi','fnnmar'})"
956,NL_TSTL_LargestLyap_n1_01_001_3_1_4,"NL_TSTL_LargestLyap(x_z,-1,0.1,0.01,3,{1,4})"
957,NL_TSTL_ReturnTime_10_1_1_n1_ac_8,"NL_TSTL_ReturnTime(x_z,10,1,1,-1,{'ac',8})"
958,NL_TSTL_ReturnTime_5_1_40_n1_1_8,"NL_TSTL_ReturnTime(x_z,5,1,40,-1,{1,8})"
959,NL_TSTL_ReturnTime_005_1_005_n1_1_3,"NL_TSTL_ReturnTime(x_z,0.05,1,0.05,-1,{1,3})"
960,SD_TSTL_surrogates_1_100_1_tc3,"SD_TSTL_surrogates(x_z,1,100,1,'tc3','default')"
961,SD_TSTL_surrogates_mi_100_1_tc3,"SD_TSTL_surrogates(x_z,'mi',100,1,'tc3','default')"
962,SD_TSTL_surrogates_1_100_2_tc3,"SD_TSTL_surrogates(x_z,1,100,2,'tc3','default')"
963,SD_TSTL_surrogates_mi_100_2_tc3,"SD_TSTL_surrogates(x_z,'mi',100,2,'tc3','default')"
964,SD_TSTL_surrogates_1_100_3_tc3,"SD_TSTL_surrogates(x_z,1,100,3,'tc3','default')"
965,SD_TSTL_surrogates_mi_100_3_tc3,"SD_TSTL_surrogates(x_z,'mi',100,3,'tc3','default')"
966,SD_TSTL_surrogates_1_100_1_trev,"SD_TSTL_surrogates(x_z,1,100,1,'trev','default')"
967,SD_TSTL_surrogates_mi_100_1_trev,"SD_TSTL_surrogates(x_z,'mi',100,1,'trev','default')"
968,SD_TSTL_surrogates_1_100_2_trev,"SD_TSTL_surrogates(x_z,1,100,2,'trev','default')"
969,SD_TSTL_surrogates_mi_100_2_trev,"SD_TSTL_surrogates(x_z,'mi',100,2,'trev','default')"
970,SD_TSTL_surrogates_1_100_3_trev,"SD_TSTL_surrogates(x_z,1,100,3,'trev','default')"
971,SD_TSTL_surrogates_mi_100_3_trev,"SD_TSTL_surrogates(x_z,'mi',100,3,'trev','default')"
972,PP_Compare_poly1,"PP_Compare(x,'poly1')"
973,PP_Compare_poly2,"PP_Compare(x,'poly2')"
974,PP_Compare_sin1,"PP_Compare(x,'sin1')"
975,PP_Compare_sin2,"PP_Compare(x,'sin2')"
976,PP_Compare_spline24,"PP_Compare(x,'spline24')"
977,PP_Compare_spline44,"PP_Compare(x,'spline44')"
978,PP_Compare_spline64,"PP_Compare(x,'spline64')"
979,PP_Compare_diff1,"PP_Compare(x,'diff1')"
980,PP_Compare_diff2,"PP_Compare(x,'diff2')"
981,PP_Compare_medianf3,"PP_Compare(x,'medianf3')"
982,PP_Compare_medianf4,"PP_Compare(x,'medianf4')"
983,PP_Compare_medianf10,"PP_Compare(x,'medianf10')"
984,PP_Compare_rav2,"PP_Compare(x,'rav2')"
985,PP_Compare_rav3,"PP_Compare(x,'rav3')"
986,PP_Compare_rav4,"PP_Compare(x,'rav4')"
987,PP_Compare_rav10,"PP_Compare(x,'rav10')"
988,PP_Compare_resample_1_2,"PP_Compare(x,'resample_1_2')"
989,PP_Compare_resample_2_1,"PP_Compare(x,'resample_2_1')"
990,PP_Iterate_diff,"PP_Iterate(x,'diff')"
991,MF_GP_hyperparameters_covSEiso_covNoise_1_200_resample,"MF_GP_hyperparameters(x_z,{'covSum',{'covSEiso','covNoise'}},1,200,'resample')"
992,MF_GP_hyperparameters_covSEiso_covPeriodic_covNoise_1_200_resample,"MF_GP_hyperparameters(x_z,{'covSum',{'covSEiso','covPeriodic','covNoise'}},1,200,'resample')"
993,MF_GP_hyperparameters_covSEiso_covNoise_1_200_first,"MF_GP_hyperparameters(x_z,{'covSum',{'covSEiso','covNoise'}},1,200,'first')"
994,MF_GP_hyperparameters_covSEiso_covPeriodic_covNoise_1_200_first,"MF_GP_hyperparameters(x_z,{'covSum',{'covSEiso','covPeriodic','covNoise'}},1,200,'first')"
995,MF_GP_hyperparameters_covSEiso_covNoise_1_50_random_i,"MF_GP_hyperparameters(x_z,{'covSum',{'covSEiso','covNoise'}},1,50,'random_i','default')"
996,MF_GP_LocalPrediction_covSEiso_covNoise_5_3_10_beforeafter,"MF_GP_LocalPrediction(x_z,{'covSum',{'covSEiso','covNoise'}},5,3,10,'beforeafter')"
997,MF_GP_LocalPrediction_covSEiso_covNoise_10_3_20_frombefore,"MF_GP_LocalPrediction(x_z,{'covSum',{'covSEiso','covNoise'}},10,3,20,'frombefore')"
998,MF_GP_LocalPrediction_covSEiso_covNoise_10_3_20_randomgap,"MF_GP_LocalPrediction(x_z,{'covSum',{'covSEiso','covNoise'}},10,3,20,'randomgap','default')"
999,MF_GP_FitAcross_covSEiso_covNoise_20,"MF_GP_FitAcross(x_z,{'covSum',{'covSEiso','covNoise'}},20)"
1000,WL_cwt_db3_32,"WL_cwt(x_z,'db3',32)"
1001,WL_cwt_sym2_32,"WL_cwt(x_z,'sym2',32)"
1002,WL_scal2frq_db3_max_1,"WL_scal2frq(x_z,'db3','max',1)"
1003,WL_DetailCoeffs_db3_max,"WL_DetailCoeffs(x_z,'db3','max')"
1004,WL_coeffs_db3_1,"WL_coeffs(x_z,'db3',1)"
1005,WL_coeffs_db3_2,"WL_coeffs(x_z,'db3',2)"
1006,WL_coeffs_db3_3,"WL_coeffs(x_z,'db3',3)"
1007,WL_coeffs_db3_4,"WL_coeffs(x_z,'db3',4)"
1008,WL_coeffs_db3_5,"WL_coeffs(x_z,'db3',5)"
1009,WL_coeffs_db3_max,"WL_coeffs(x_z,'db3','max')"
1010,WL_fBM,"WL_fBM(x_z)"
1011,WL_dwtcoeff_db3_5,"WL_dwtcoeff(x_z,'db3',5)"
1012,WL_dwtcoeff_sym2_5,"WL_dwtcoeff(x_z,'sym2',5)"
1013,MF_arfit_1_8_sbc,"MF_arfit(x_z,1,8,'sbc')"
1014,NL_MS_fnn_1_10_mi_5_1,"NL_MS_fnn(x_z,1:10,'mi',5,1)"
1015,NL_MS_nlpe_2_mi,"NL_MS_nlpe(x_z,2,'mi')"
1016,NL_MS_nlpe_3_ac,"NL_MS_nlpe(x_z,3,'ac')"
1017,NL_MS_nlpe_fnn_mi,"NL_MS_nlpe(x_z,'fnn','mi')"
1018,NL_embed_PCA_mi_10,"NL_embed_PCA(x_z,'mi',10)"
1019,NL_embed_PCA_1_10,"NL_embed_PCA(x_z,1,10)"
1020,NL_embed_PCA_ac_3,"NL_embed_PCA(x_z,'ac',3)"
1021,PP_ModelFit_ar_2,"PP_ModelFit(x_z,'ar',2,'default')"
1022,MF_steps_ahead_ar_2_6,"MF_steps_ahead(x_z,'ar',2,6)"
1023,MF_steps_ahead_ar_best_6,"MF_steps_ahead(x_z,'ar','best',6)"
1024,MF_steps_ahead_ss_best_6,"MF_steps_ahead(x_z,'ss','best',6)"
1025,MF_steps_ahead_arma_3_1_6,"MF_steps_ahead(x_z,'arma',[3,1],6)"
1026,MF_FitSubsegments_arsbc_uniform_25_01,"MF_FitSubsegments(x_z,'arsbc',[],'uniform',[25,0.1])"
1027,MF_FitSubsegments_arsbc_rand_25_01,"MF_FitSubsegments(x_z,'arsbc',[],'rand',[25,0.1],'default')"
1028,MF_FitSubsegments_ar_2_uniform_25_01,"MF_FitSubsegments(x_z,'ar',2,'uniform',[25,0.1])"
1029,MF_FitSubsegments_ss_2_uniform_25_01,"MF_FitSubsegments(x_z,'ss',2,'uniform',[25,0.1])"
1030,MF_FitSubsegments_arma_2_2_uniform_25_01,"MF_FitSubsegments(x_z,'arma',[2,2],'uniform',[25,0.1])"
1031,MF_CompareTestSets_y_ar_4_rand_25_01_1,"MF_CompareTestSets(x_z,'ar',4,'rand',[25,0.1],1,'default')"
1032,MF_CompareTestSets_y_ar_best_uniform_25_01_1,"MF_CompareTestSets(x_z,'ar','best','uniform',[25,0.1],1)"
1033,MF_CompareTestSets_y_ss_best_uniform_25_01_1,"MF_CompareTestSets(x_z,'ss','best','uniform',[25,0.1],1)"
1034,MF_CompareTestSets_y_ss_2_uniform_25_01_1,"MF_CompareTestSets(x_z,'ss',2,'uniform',[25,0.1],1)"
1035,MF_StateSpaceCompOrder_8,"MF_StateSpaceCompOrder(x_z,8)"
1036,MF_StateSpace_n4sid_1_05_1,"MF_StateSpace_n4sid(x_z,1,0.5,1)"
1037,MF_StateSpace_n4sid_2_05_1,"MF_StateSpace_n4sid(x_z,2,0.5,1)"
1038,MF_StateSpace_n4sid_3_05_1,"MF_StateSpace_n4sid(x_z,3,0.5,1)"
1039,MF_CompareAR_1_10_all,"MF_CompareAR(x_z,1:10,'all')"
1040,MF_CompareAR_1_10_05,"MF_CompareAR(x_z,1:10,0.5)"
1041,MF_armax_3_1_05_1,"MF_armax(x_z,[3,1],0.5,1)"
1042,MF_armax_1_1_05_1,"MF_armax(x_z,[1,1],0.5,1)"
1043,MF_armax_2_2_05_1,"MF_armax(x_z,[2,2],0.5,1)"
1044,MF_ARMA_orders_1_6_1_4,"MF_ARMA_orders(x_z,1:6,1:4)"
1045,MF_ExpSmoothing_05_best,"MF_ExpSmoothing(x_z,0.5,'best')"
1046,MF_GARCHfit_ar_P1_Q1,"MF_GARCHfit(x_z,'ar',1,1)"
1047,MF_GARCHfit_ar_P1_Q2,"MF_GARCHfit(x_z,'ar',1,2)"
1048,MF_compare_GARCH_ar_1_3_1_3,"MF_GARCHcompare(x_z,'ar',1:3,1:3)"
1049,SY_VarRatioTest_2_0,"SY_VarRatioTest(x_z,2,0)"
1050,SY_VarRatioTest_2_1,"SY_VarRatioTest(x_z,2,1)"
1051,SY_VarRatioTest_4_0,"SY_VarRatioTest(x_z,4,0)"
1052,SY_VarRatioTest_4_1,"SY_VarRatioTest(x_z,4,1)"
1053,SY_VarRatioTest_24682468_00001111,"SY_VarRatioTest(x_z,[2,4,6,8,2,4,6,8],[0,0,0,0,1,1,1,1])"
1054,SY_PPtest_0_5_ar_t1,"SY_PPtest(x_z,0:5,'ar','t1')"
1055,SY_KPSStest_0,"SY_KPSStest(x_z,0)"
1056,SY_KPSStest_1,"SY_KPSStest(x_z,1)"
1057,SY_KPSStest_2,"SY_KPSStest(x_z,2)"
1058,SY_KPSStest_0_10,"SY_KPSStest(x_z,0:10)"
1059,MF_hmm_07_3,"MF_hmm_fit(x_z,0.7,3,'default')"
1060,MF_hmm_08_2,"MF_hmm_fit(x_z,0.8,2,'default')"
1061,MF_hmm_CompareNStates_06_24,"MF_hmm_CompareNStates(x_z,0.6,2:4,'default')"
1062,MD_hrv_classic,"MD_hrv_classic(x_z)"
1063,CP_ML_StepDetect_l1pwc_10,"CP_ML_StepDetect(x_z,'l1pwc',10)"
1064,CP_ML_StepDetect_l1pwc_005,"CP_ML_StepDetect(x_z,'l1pwc',0.05)"
1065,CP_ML_StepDetect_l1pwc_02,"CP_ML_StepDetect(x_z,'l1pwc',0.2)"
1066,CP_l1pwc_sweep_lambda_0_005_095,"CP_l1pwc_sweep_lambda(x_z,0:0.05:0.95)"
1067,ST_MomentCorr_002_02_mean_std_none,"ST_MomentCorr(x_z,0.02,0.2,'mean','std','none')"
1068,ST_MomentCorr_002_02_median_iqr_none,"ST_MomentCorr(x_z,0.02,0.2,'median','iqr','none')"
1069,ST_MomentCorr_002_02_mean_std_abs,"ST_MomentCorr(x_z,0.02,0.2,'mean','std','abs')"
1070,ST_MomentCorr_002_02_median_iqr_abs,"ST_MomentCorr(x_z,0.02,0.2,'median','iqr','abs')"
1071,ST_MomentCorr_002_02_mean_std_sqrt,"ST_MomentCorr(x_z,0.02,0.2,'mean','std','sqrt')"
1072,ST_MomentCorr_002_02_median_iqr_sqrt,"ST_MomentCorr(x_z,0.02,0.2,'median','iqr','sqrt')"
1073,SD_SurrogateTest_RP_99,"SD_SurrogateTest(x_z,'RP',99,[],{'ami1','fmmi','o3','tc3'},'default')"
1074,MD_pNN_raw,"MD_pNN(x)"
1075,MD_rawHRVmeas,"MD_rawHRVmeas(x)"
1076,NL_nsamdf_1_14_05_1_7,"NL_nsamdf(x,1,14,0.5,1,7,false)"
1077,NL_nsamdf_z_1_14_05_1_7,"NL_nsamdf(x_z,1,14,0.5,1,7,false)"
1078,CR_RAD_1,"CR_RAD(x_z,1,true)"
1079,CR_RAD_2,"CR_RAD(x_z,2,true)"
1080,CR_RAD_tau,"CR_RAD(x_z,'tau',true)"
